reaction_id,median_fluxes
ALCD25yi,0.0
MTHFCm,0.0
AMPN,0.006312617461121034
DAGCPTer_RT,0.015174132101210864
PYRt2,0.0
NNDPRm,0.0
HMGCOASm,-0.31672809548786884
PDE4,0.12035409567795918
PAPSR,4.8623738504982426e-05
FACOAL80p,0.0
URIH,0.0
ACOAO4p,0.009544371130399704
3IPM3MT,0.0
UDPGD,0.0
CYTDK2,0.0
ACACT4m,-0.032380063684269836
CHTNDA,0.0
FACOAL141,0.0
ACACT7p,0.002390098063227831
POLYAO,0.029501685814914504
MEVK1,0.11305093639130184
DATUP,0.005192738389119498
TAUDO,0.0
CSp,0.0
PSERT,0.0
GK2,-237641.58705471235
CYSt2r,-0.0004240952913066538
ATPS2v,0.2277077076609722
SPHPLer,0.0
PLBPCe_RT,0.0
ALDD19xr,-145879.80991983388
GTHRDH_syn,0.0
NDPK7,145797.71756769315
PPDOy,0.0
GLYCLTDy,-0.6819925642141599
DGK1,0.12542866454576196
SLCBK2er,0.0
CERS126er,-4.763476415210885e-13
CSm,2.4955800341045213
MI145P6Kn,0.0
ADK3m,-61892.18518330582
DMATT,0.036958652421524546
PMPK,0.000113185642839704
LGTHL,0.0
PUNP3m,0.0
PPNDH,0.009947410028273113
GLYTRS,0.041700743444503044
HACD4p,-0.009544371130399704
GAT2er_RT,0.01087988105000616
DASYNer_RT,0.0038865244277300516
ACOAD8m,0.05828102113661744
ECOAH1p,0.0
KYN,0.0724809933576932
HSTPT,0.007941136681952982
FACOAL141p,0.0
FE2t,-0.1148238781265184
3MOPDC,0.0
PTE11x,0.0
GLUTRS,0.016955339302433217
AICART,0.020990383036973807
CYTD,0.0022518303180612234
42A12BOOX,0.0
DPGM,0.022854380345733376
TPI,0.8236490472056537
COAtim,7.565126752309531e-13
NADS2,3.121180740093663e-06
ACACT4p,0.009544371130399704
HISTRS,0.004970011640758167
PHETRSm,0.0
OMCDC,0.08903189199835329
LEUTA,85732.61834693048
DTMPK,0.00020500170630622774
ALCD23yi,0.0
FA140COAabcp,0.0068474286944072045
FACOAL160p,3.9815570370881355e-05
PGL,0.4269606315483401
THRD_Lm,0.09159278663883631
BGLA,0.0
TRPTRS,0.0018947422867042836
AMETt2,0.0
SHSL1,0.0
AHSERL,0.0
ACtr,-0.02784210524182021
LNS14DMrx,0.0008248811875948415
ACOAD10m,0.02025851906001829
TMDPP,0.0
INSTt2,0.0
IPC224PLCg_RT,0.0
DCTCP,0.2596756053445184
TRPTRSm,0.0
HEX7,0.9742137760661662
HICITDm,0.07699694770038035
MALtm,0.6649026905912633
AMID,0.0
MCITSm,0.025036331216559016
GNNUC,0.0
PNTK,6.25649301563448e-05
FAO80p,0.009544371130399704
ADA,0.01764976342822605
GLUDxi,21584.814722308653
URAt2,0.0
FA180COAabcp,0.001357851155187728
AMID2,0.0
ERGSTt,-0.0003012227045300267
CSNATp,0.33892783848001456
UDPG4E,0.0
CYOR_u9m,11.554638556158135
SHK3Dr,0.07995414120523545
SSALy,0.194198545875487
CYSDS,0.0001856649477783084
RBK,0.23861006449053473
MOHMT,6.256492971326265e-05
IPC324PLCg_RT,0.0
GARFT,0.012453914913707067
PYDAMK,0.0
HKYNH,0.015203607502723865
DATCY,0.0
NNATn,0.0
METTRSm,0.0
SFGTHi,0.0
IPCS226g_RT,3.367847310089486e-13
ACP1e,0.0
FAO141p_even,0.0
FTHFLi,0.2119245158637092
ASAD,-0.2392156467695275
ECOAH7p,-0.002390098063227831
FACOAL140p,0.0068474286944072045
ECOAH9m,0.02025851906001829
HXPRT,0.032916753410327376
H2Otm,-35.64902704584546
C22STDSrx,5.7968839503856625e-06
NTRLASE2,0.0
DHAD2m,0.03316695204381863
ERGSTGLCT,0.0
FACOAL182,0.04143052477691657
P5CR,0.004913945651025418
PSPHPLer,0.0
MI1PP,0.0
NAt3_1,360279.57188310055
NDPK10,0.0
BPNT2,0.0
RNDR3n,0.0
CPPPGO,5.614592907554561e-05
PTRCt3i,647343.92985421
NAPRT,0.03802586748703983
MIP2C324PLCg_RT,5.045859562639139e-14
ALCD2x,-683204.7534791245
PTE7x,0.0
NDPK3,680706.7920445848
FAO161p_odd,7.984484626293886e-07
LANOSTt,-0.0005647463805855642
FACOAL120,0.0
ECOAH5m,-0.032380063684269836
SACCD4m,0.0
C4STMO2er,0.016715981138530324
URIDK2r,-697866.0620404897
NTPP9,0.0
CERS2p24er,0.0
ALPHNH,0.0
DURIPP,0.0
GLUDy,-507938.10476652073
HSERTA,0.013708143628623878
CITtam,421571.9411113806
PHETRS,0.007732375100644415
FMNAT,6.10211182861524e-05
TYRTRS,0.0050671904123564
TYRTRSm,0.0
NTRLASE3,0.0
ILETRSm,0.0
ASPK,0.23921564676914786
DIPS,0.0
UDPGALt2g,0.0
LALDO3,0.0
HSK,0.21375054732935203
GTPt2m,0.734373411072432
PPCDC,6.25649301563448e-05
ATPATF1,0.0
PRATPP,0.007941136681952982
ASPTRS,0.016030922174947816
TYRt6,0.0
FAO161p_even,0.0
PSERDv_RT,0.0
IMPC,-0.020990383036973807
DGTUP,0.0
PDE5,0.0
NDPK9,4.058978508481389e-05
RNDR4n,0.0
SUCRe,0.0
TYRt7,0.0
RPE,0.10790169688451035
HEX4,0.0
ILEt7,0.0
ADNUC,0.0
DHQTi,0.10729231754979823
ORNt3m,0.10115229785694743
LEUTAm,-85732.64679530168
ECOAH6m,-0.032380063684269836
NADH2_u9cm,0.21611340333894433
OMCDCm,0.0
FA182COAabcp,0.0
CHLPCTD,0.015174132101210864
NDPK2,239738.9287905338
ACOAH,0.0
CERS2p26er,0.0
PYK,2.23054808949542
TRDRm,0.0
FAS180COA,0.02146499670009092
PPCOAOm,0.13495134431699374
GHMT2r,-0.1573932244198605
ACACT5p,0.009544371130399704
ALLTAHr,0.0
CERS324er,0.0
PGAMT,0.0
PMEVK,0.11305093639130187
FAS80COA_L,0.06786224685100381
DHFS,0.0003170498023104484
ACGKm,0.1115916848589229
PGCD,0.09901696298616228
PPBNGS,0.00022458371630218243
PRMICI,0.007941136681952982
PPNCL3,6.25649301563448e-05
NNAMrm,0.0
PGM,-2.349760105375171
CYTK2,295046.8255362176
MIP2C224PLCg_RT,0.0
GTMLT,0.0
ASP1DC,4.802860746153148e-06
ETHAPTer_RT,0.0
PGMT,-0.4752784028834748
GTHRDabcv,0.0
DOLPMMer,0.06564775410018124
DADK,0.0
DTTGY,0.0
ZYMSTt,-0.01095359752848871
ADNCYC,0.0013271447578363906
URIt2,0.0
ASPCT,0.00835428682642434
CYSTRS,0.0027844643176409374
ARGt2r,0.0
ACITL,0.19531600735618704
G12MT2g,0.0
PFK_2,0.0
ABUTD,0.05853746383228803
PEAMNO,0.0
ALDD2x,0.060296418158822154
PDE1,0.0
IPCS224g_RT,7.967760486384095e-13
ALKP,0.0
3HPCOAHYDm,0.13495134431699374
ASNt6,0.0
DGTCY,0.0
ATPS,0.0
ACGAMPM,0.002519254010684874
PHETA1,-0.009947410028273113
HEX10,0.0
16GS,0.014407402914660333
MCOATAm,0.0
NADS1n,0.0
AMPTASECG,0.0033362111336702176
THFGLUS,0.0
ADK1,3.831496938416165
BTDD_RR,-0.0009027860228919396
HMGCOAS,-0.11305093639130184
GTPCI,0.0003170498023104492
GMAND,0.0
MTHFDm,0.0
LEUTRS,0.02601766601973263
PMETMer_RT,0.002280481197169516
G3PD1ir,0.20852583817691
NNAM,0.038026699838665065
GLPT,0.0
DRBK,0.0
ADNt2,0.0
UREA2t2,-83376.2178035943
ASPTA,-0.6319679695630949
MIPCS326g_RT,0.0
PRAMPC,0.007941136681952982
ADSL1r,0.29680892713956997
ARGN,0.08989638050626342
ICDHyp,0.004844789278363981
TKT2,0.19796871082832804
SAM24MTer,0.0033778444931783676
BACCL,0.0
DUTUP,0.22720959751494052
GTHOr,0.0
MTHFD,-572581.25359085
ATP2tp_H,0.45242346889958984
GLUDC,0.13039557864703277
METt2r,0.0
HBCO_nadp,0.0
VALTAm,-4485.41088606921
GTHRDt2,0.0
METSOXR1,0.0
PLDn_RT,0.0
NAPRTm,0.0
FACOAL260p,0.0
PYDXNK,0.23932827045218688
ALCD2y,683204.7534791256
IG3PS,0.007941136681952982
AGATer_RT,0.023851776049589865
DCTPD,697867.1282908237
CYTDt2,0.0
UPPRT,0.0
ECOAH12m,0.06188987459403751
LCYSTCBOXL,0.0
DHAK,0.22446676754124636
GRTT,0.036898097436775405
ILETRS,0.012884231298938367
IPCS124g_RT,6.984826912128598e-12
ILETA,-87461.47961423706
UREASE,0.0
PTE9m,0.0
TYRTA,-0.02437691167145545
GLCP,0.5625776039121304
PYRDC,0.40919056915245344
PINOSer_RT,0.00038188982149792004
NNDPR,0.00013674918752057608
MIPC124PLCg_RT,0.0
PIt2m,25.52669250574315
PYDXO_1,0.0
RBFSa,0.0002829234805225053
PMANM,-0.06564775412937479
METTRS,0.004635492407756719
NADS1,0.038159594418524345
PSERDg_RT,0.0
GLYOX,0.0
D_LACDcm,0.0
ACOAO5p,0.009544371130399704
DRTPPD,0.00014146174026125264
ALASm,0.00044916743260436486
ALCD24xi,0.0
NDP3g,2.2308755843133085e-11
DAGPYPer_RT,0.30740938125771733
SPMDt3i,419820.74975570745
FACOAL100p,0.0
ACACT6m,-0.032380063684269836
3MOBDC,0.0
DAGKer_RT,0.2903645034344284
MDHm,2.7620176503560803
SERTRS,0.027371749822979782
TALA,-0.05225363412619455
ALCD25xi,0.0
GAPD,2.379061599318936
OIVD3m,0.02025851906001829
APCPT,0.0
OCBTm,0.0
C5STDSer,0.0017756270328838186
CITtcm,0.45265244068647975
13GS,0.07780005699232184
SHCHD2,0.0
GALKr,0.0
PTE9x,0.0
TMDPK,0.000113185642839704
CERH126er,0.0
ACONTam,-2.2845077842778303
DCTUP,0.22635065455035158
MIPC324PLCg_RT,0.0
GLYCTO1p,0.0026462161883132828
FECOSTESTH_RT,0.1075976159622836
HACD7p,-0.002390098063227831
THRt2r,-0.007597112971283432
ETF,0.31394488953785515
NP1,5.049319001751377e-06
PTPATi,6.25649301563448e-05
IGPS,0.09272275552136611
ALDD20x,0.0
LYSt6,0.0
METS,0.015541177196427678
CYSTL,0.003608710356710638
PI35BP5Per_RT,0.0
NADK,6.459635897644208e-05
NTD2,0.5378015831456642
TRDR,0.2609427353756201
MIPCS226g_RT,7.853870022228976e-13
CDPDGPm_RT,0.00014625567631835345
FA141COAabcp,0.0
HISTP,0.007941136681952982
FACOAL161p,7.984484626293886e-07
GK1,237641.8035482104
EPISTATer_RT,0.05401309382063188
ACHLE2,0.0
ACACT6p,0.009544371130399704
GMPS2,0.00011218273658474069
ADCS,0.0048615956876589105
IMPD,0.005719355568774485
TRPTA,-482433.1016872201
COAHLp,0.0
LANOSTESTH_RT,0.0
ORNTACim,0.1115916848589229
VALt2r,-0.004431307397752529
C24STRer,0.0017756270328838186
ASNt7,0.0
YUMPS,0.0
PCDAGATer_RT,2.151797774925812e-05
FA161COAabcp,7.984484626293886e-07
IPC226PLCg_RT,0.0
FAS140COA,0.06786224685100381
ACLSm,0.1832684422338411
FAO141p_odd,0.0
G6PDH2r,0.4269606315483401
PIN3Kn_RT,0.0
PSPHSer,0.0003255001321609991
PDHm,1.190991659377265
NH4t,1.5388242318407825
GLUCYS,0.0072693236408500235
ALATRS,0.04692970888549852
PPPGOm,2.8072964537772804e-05
DCMPDA,-697867.1286167514
GLNTRS,0.009579584292545238
AMPDA,0.24250718997211768
OCBT,0.11254364215636461
ACACT1r,0.11305093639130184
ADEt2,0.0
TREH,0.0
GLUt2r,0.0
FECOSTt,0.0
BFFS,0.0
TRIGSer_RT,0.0014983906802644065
DDPAm,0.0
GBEZ,0.41919938659582745
HPROb,0.0
TMPPP,0.000113185642839704
TKT1,0.11608397895770577
FBA,0.5500570664662743
DB4PS,0.0002829234805225053
ARGSS,0.10180965719358182
DHQS,0.10729231754979823
LEUt2r,-0.0041926353781739974
PSCVT,0.07995414120523545
ABUTt2r,0.0
ECOAH6p,-0.009544371130399704
CTPS1,0.011598058441813691
LANOSTATer_RT,0.0
MIP2C226PLCg_RT,0.0
HACD5p,-0.009544371130399704
ACGAM6PS,0.002519254010684874
GTHS,0.0072693236408500235
GUACYC,0.12154788225481303
GLUt7m,6.591896154691351
PRASCSi,0.012453914913707067
UTUP,0.0
PPND2,0.039771572829914656
PRAGSr,0.012453914913707067
FAS120COA,0.06786224685100381
SERPTer,0.0003255001077624262
G5SD,0.012252657545523722
MTRI,0.11461183530224117
CYSS,0.0
GLCS2,0.42771634967494354
HISt2r,290521.6455488885
ATHRDHr,-0.23215153481640916
DOLPMTcer,0.06564775410018124
PEPAT,0.0
CYSTA,0.0
PROt2r,-0.002445312150452732
ACOAD9m,0.06188987459403751
DROPPRx,0.00014146174026125264
PDXPP,0.0
G12MT1g,0.0
PPAm,0.7721969089852531
AIRCr,0.012453914913707067
LEUTRSm,0.0
GLYK,0.038847448088523244
GTHOm,0.0
CSNATm,0.33892783848001456
NTPP10,0.0
PUNP2,-0.009377771028833559
HEMEOSm,5.614592907554561e-05
PIN4Kn_RT,0.0
ADSL2r,0.012453914913707067
NDPK5,156448.43905457997
ALAt2r,-264859.947567883
FAO181p_even,0.0
CSNt2,0.0
GLYCDy,0.22446676754124636
ATPS3m,32.30073903689538
GLNt6,0.0
DHAD1m,0.1832684422338411
HCYSMT,0.06338796915511752
HCO3E,6.084306043404105
FKYNH,0.08859607989851147
UMPKn,99580.57820700787
FACOAL120p,0.0
MI1345PKn,0.0
PUNP5,0.018633682490311016
ARGTRS,0.011917806291108009
HSDxi,357088.7288644833
TYRTAip,0.0
GLYGS,0.41919938659582756
FBA2,-0.1475686331739548
ASNTRSm,0.0
H2Ot,-8.446433967740457
ASPt7,0.0
ADPRDP,0.0
PRFGS,0.012453914913707067
AMAOTrm,0.00019647012518765784
ILETAm,87461.4667509945
PSERSer_RT,0.0035035556897059566
NTRLASE,0.0
PHEt2r,-0.002200083761649132
UAGDP,291113.9349378246
ACACT9p,0.0
MIPCS324g_RT,1.1767019554795648e-13
AHSERL2,0.013708143628623878
ASNS1,0.00032052117733083767
EPISTESTH_RT,0.05380177319639887
MTHFR2,0.0073957439532903665
AGTi,0.02445716519434755
3DSPHRer,0.0003255001077624262
PIN4Ker_RT,0.007566069217944763
PYDXNO,-531009.7908698856
FRTT,0.0017311596206410985
PNTOt2,0.0
DPR,6.256492971326265e-05
SBTD_D2,0.8379689327254756
SERD_L,0.0
FALDH2,0.0
LYSt2r,291143.0236959818
TRE6PP,0.0018990487038403549
GLYCt2,320447.5481141759
ADMDC,0.1146118353022412
NDPK8,-153021.58368969808
TYRt2r,0.0
ALCD19y,104314.66575220975
MIPC226PLCg_RT,0.0
FRUt2,297510.8696147868
ALCD22xi,0.0
ADSS,0.29680892713956997
HPRO_u9m,0.0
ARAB14LO,0.0
PETOHMer_RT,0.002280481197169516
GTHPi,0.0
THMt2,0.0
UPP3MT,0.0
RPI,-0.3736201305848399
MIP2C126PLCg_RT,0.0
LSERDHr,0.0
HETZK,0.0
UPP3S,5.614592907554561e-05
THIORDXm,0.0
GLCGSD,0.26437017022048503
TMDS,0.00020500170630622774
XYLTD_D,1.1944036423795545
VALTRS,0.022358267745093523
URIK1,0.0
ERGSTATer_RT,0.006692614818600623
PYAM5PO,0.0
NADH2_u9m1,0.26136665418533456
IPMD,0.08903189199823631
IPC326PLCg_RT,0.0
CHTNS,0.002519254024583662
PTE2x,0.0
MIPCS224g_RT,1.815125510283288e-12
MANt2,525597.2963094411
RNDR1,0.00019915155224648902
ACACT10m,0.02025851906001829
SADT,0.11528722496859688
NTD4,0.6602467586612134
LPPer_RT,0.0
MDRPD,0.11461183530224117
CLPNSm_RT,0.00014625567631835345
2DOXG6PP,0.0
THRA,0.07903094635034282
FAS160COA,0.03637319003088624
AASAD1,0.01988282392739785
HACONTbm,0.07699694770038035
UTCY,0.0
ADCL,0.0048615956876589105
MMSAD3m,0.13495134431699374
GNK,0.0
THRA2,0.23215153481640916
SQLErx,0.0007926726700019338
NDPK4,0.00020500170630622774
PRAIS,0.012453914913707067
ACSm,0.7711094029368606
GND,0.4269606315483401
SULR,0.013491087869956148
CHLt2,0.0
FAO182p_odd,0.0
CERS326er,0.0
PUNP1m,0.0
FACOAL181,0.10506782985637245
AMID3,0.0
FMETTRSm,0.0
CATp,0.03360460134860149
LEUt6,0.2277077076609722
MI4PP,0.0
FADFMNtm,0.0
SBPP1er,0.003109120536182089
ACHLE3,0.0
PDE2,0.0
GUAt2r,0.0
GLUt7,0.0
PUNP1,-0.10762192512160046
EPISTt,-0.0005375756547837509
ME2,0.1286781071288686
SACCD1,0.01988282392739785
IPPMIb,-0.08903189199823631
C8STIer,0.002858463707657459
IPC126PLCg_RT,0.0
PLBP1Ie_RT,0.0
APNPT,0.0
PGK,-2.351289925866485
CTPtm,0.0002375834359253718
ORNTArm,0.008070570666799436
PUNP7,-0.22883379513163993
ARGTRSm,0.0
ADNK1,0.18219387537453624
CYTK1,55145.715360312606
FACOAL160,0.04837939717718716
RNDR4,0.0005166268588554441
MALT,0.0
ACS2,0.0
CTPS2,8.323342789005966e-05
ORNt2r,0.0
ACONTbm,2.2845077842778303
FAO182p_even,0.0
CYSTGL,0.006740648460832435
ECOAH4m,-0.032380063684269836
OPAH,0.0
THRD_L,0.010532563113327344
HISTRSm,0.0
PTE7m,0.0
PLBPC_RT,0.033673744688645896
LEUt7,0.2277077076609722
ADHAPRer_RT,0.01087988105000616
C22STDSer,0.0017645375544768818
SACCD2,0.01988282392739785
ASPTAp,0.0
PFK_3,0.2316568364241114
ILEt6,0.0
PROTRS,0.01916737515359508
ACOAO8p,0.0023525519457691067
FBP,0.04559121244476455
NMNAT,0.06462449901998112
TRPO2,0.08859607989851147
BPNT,4.8623738504982426e-05
IPCS126g_RT,8.170576383992419e-13
ALCD26xi,0.0013395846727467036
SHCHF,0.0
PUNP4,0.0
ATPATF2,0.0
MTHFC,-0.17505249253225247
PI4P5Kn_RT,0.0
URIDK2rn,0.0
GALt2,229229.3071414034
UNK3,0.11461183530224117
ORNDC,0.069504480011972
CHOLK,0.016836872344322948
MIPC126PLCg_RT,0.0
IPPSm,0.06932126931468842
VALTRSm,0.0
ALLTN,0.0
THIORDXni,0.0
NTPP11,0.0
ABTA,0.194198545875487
PYDXPP,0.23965997303383083
SUCFUMtm,0.09946481554861744
LCYSTintv,0.0
MTHFD2i,572581.0907270284
PTE10x,0.0
G3PIt,0.0
PPYRDC,0.0
ALR2,0.0
PC,0.6257892420207771
D_LACt2,0.0
GLYCt,320447.5481141759
GLYt2r,-0.008689365931422983
ADSK,4.8623738504982426e-05
PPCK,0.06153731480012821
TCHOLAabcv,0.0
SHKK,0.07995414120523545
LYSTRS,0.014002680957026399
MGCHrm,0.05828102113661744
TAGL_RT,6.608971609932565e-06
FRDcm,0.5494620642460413
HACD6p,-0.009544371130399704
4HGLSDm,0.0
FA240tp,0.0005140205075813793
MFAPSer_RT,0.002280481197169516
ALDD20y,0.0
PDX5POi,0.2392145861065172
GUAPRT,0.0
GLU5K,0.012252657545523722
MIPC224PLCg_RT,0.0
CHORM,0.050377902566037594
FACOAL80,0.0
FACOAL161,0.12243606464821889
CYSTAm,0.0
ILEt2r,0.0
UGLT,385120.6124840521
ITCY,0.0
GLNt2r,-15941.926250387507
ADD,0.0009779074161847447
DASYNm_RT,0.00029251135263670696
GF6PTA,0.002519254010684874
DADA,0.009377771028833559
NDPK1,5822.4875973464805
MIPC326PLCg_RT,0.0
FAO181p_odd,1.1830906335940835e-05
CERS224er,-3.9743820374993924e-13
G3PT,0.0490284445803587
FA260tp,0.0
MIP2C124PLCg_RT,-5.280913763640687e-13
ENO,2.349760105375171
ACON3MT,0.0
HACD8p,-0.0023525519457691067
HEX1,0.8943124347839551
MCPST,0.0
ASNt2r,-221624.0500370893
AHCi,0.07519101851650159
ADPT2,0.0
ACOTAim,0.1115916848589229
IPCS324g_RT,5.045859562639139e-14
ASNN,0.0
NNMT,0.0
ACACT1m,0.047348564781611105
HACD10p,0.0
DHORTS,-0.00835428682642434
ACACT8p,0.0023525519457691067
PFK,0.6054603530215509
MAN1PT,0.06564775412937479
IPC124PLCg_RT,0.0
PRDX,0.0
ACOAO6p,0.009544371130399704
RNDR1n,0.0
KARA1im,0.1832684422338411
SBTD_L,0.0
ALCD22yi,0.0
DNADDP,0.0
SUCOASm,-1.2720788629903013
THRS,0.21375054732935203
SBPP2er,0.0
UMPK,-238065.6106764847
PYDXK,0.0
ADPT,0.0021363949790230746
DNMPPA,0.0003170498023104492
MIP2C326PLCg_RT,4.4499913525741474e-13
ACOAO7p,0.002390098063227831
FECOSTATer_RT,0.10855878094391849
ACALDCD,0.0009027860228919396
AMETtm,0.00039294025037530853
CERH124er,0.0
PPA,3.023717041553552
OMPDC,0.00835428682642434
LPCATer_RT,0.0021517977749257993
MI1456PKn,0.0
IPCS326g_RT,-1.2671131514678659e-13
IPPS,0.01763021759909725
XPPT,0.00025322032392982065
ECOAH4p,-0.009544371130399704
RBFKm,0.0
NDPK6,-697866.2592677209
ICLp,0.4482394155475643
NACt,0.0
FMNATm,0.0
IMACTD,0.0
ECOAH1m,-0.11164099441865766
FBA3,0.1743454181255294
IPPMIa,-0.08903189199823631
RNMK,0.0001056856347709722
SLFAT,0.11927206717432073
GAT1er_RT,0.0104363055797954
THRTRS,0.017723750375179342
HPYRRy,0.09901696298616228
DHORDfum,0.007764997485213905
3HAO,0.015203607502723865
MIPCS124g_RT,1.6896070576592644e-11
NNAT,0.038164125842190595
TRPS1,0.09272275552136611
PTE2m,0.0
PI45BPPn_RT,0.0
FA160COAabcp,3.9815570370881355e-05
CSND,0.005192738389119498
SERt2r,-291143.05110130017
MALTt2,165305.53077038995
DPCOAK,6.25649301563448e-05
IPDDI,0.036958652421524546
HACD9m,0.02025851906001829
PI3P5Kn_RT,0.0
AMETt2m,0.00018038200079262718
GALT,-385120.6124840521
POLYAO3,5.7878373859598936e-05
DUTCP,0.2847806594893001
ALATA_Lm,-0.12157392932425978
C3STDH2er,0.016715981138530324
PSERDm_RT,0.0029919056499025922
ACOAHim,0.160080275876403
GDPMANNtg,2.2308755843133085e-11
RNDR3,3.671241959697023e-05
SPRMt2i,0.0
EPGALURSe,0.0
HYPOE,0.0
PUNP3,0.0
CYTDK1,0.0
IGPDH,0.007941136681952982
SPMDtex2,419820.7562612388
HMPK1,0.0
FACOAL240p,0.13365287527258463
ACOAO9p,0.0
GLUTRSm,0.0
VALTA,4485.387244016671
SO3ti,0.23466250942401862
TRE6PS,0.05561480520625092
GALUi,385122.15670503036
DPMVD,0.11305093639130184
CBPS,0.3448293781883567
DTTUP,0.0
FACOAL100,0.0
GLUTCOADHm,0.07258853690721559
ZYMSTESTH_RT,9.829092287947584e-05
KYN3OX,0.015203607502723865
URIK3,4.058978508481389e-05
CYSTS,0.01384198845758521
MAOX,0.0
NMNATm,0.0
ALCD24yi,0.0
FDH,0.003691990813460011
NICRNS,5.049319001751377e-06
MTAP,0.11461183530224117
ASPTAm,-0.08052195597841369
CAT,0.020044019934770025
SUCCtm,1.0948929587365177
ORPT,-0.00835428682642434
ATPATF3,0.0
CERS226er,-5.710647934451893e-13
URIK2,0.0
ICDHxm,1.8205635521998573
HPROa,0.0
ALLTNti,0.0
SLCBK1er,0.003109120536182089
ACACT7m,-0.011251767182206673
PFK26,0.0
DUTPDP,0.0
FAS100COA,0.06786224685100381
ECOAH8p,-0.0023525519457691067
DCYTD,0.0
OCOAT1m,0.10317018120488294
G3PCt,0.0
GLNt7,0.0
ASPt2r,0.18517034322617903
PGI,-0.3006222837766619
GLYCLm,0.0
PIt2r,193309.5403379273
CHORS,0.07995414120523545
ANPRT,0.09272275552136611
GPDDA1,0.016836872344322948
PTRCtex2,647343.933043521
ACGSm,0.0
ACS,1.2379762762261521
GLUSx,0.25414420297685414
DDPA,0.10729231754979823
MAN6PI,-0.06564775412937479
HACD1p,0.0
ACHLE1,0.0
PAL,0.0
HEMEASm,5.614592907554561e-05
PTE8x,0.0
RNDR2n,0.0
PTE12x,0.13294752399410475
ACONT3m,0.025036331216559016
ANS,0.01891122925299203
ALLTTti,0.0
PDE3,0.0
POLYAO2,0.07639555894143206
ARMT,0.0
GTPCII,0.00014146174026125264
PRPNCOAHYDm,0.13495134431699374
SUCD2_u9m,2.7057291169618587
GLUPRT,0.012453914913707067
THIORDXi,0.009015224990919005
MALSp,0.24551970051854405
ALDD2y,0.04886798634685123
HISTD,0.007941136681952982
ASNNe,0.18517034322617903
PYDXS,0.0007287586183576559
RBFSb,0.00014146174026125264
KARA2im,0.03316695204389132
HMGCOAR,-0.11305093639130184
PTE11m,0.0
MI145PKn,0.0
FACOAL1831,0.005496196656981018
AP4AH,0.0
RNDR2,0.00030575555873213424
L_LACt2r,0.0
GUAD,0.0
INDPYRD,-482433.1016872201
4MOPDC,0.0
UDPACGLP,-291113.9324307507
LNSTLSr,0.01732968310425775
PI45BP5Per_RT,0.0
LCYSTATm,0.0
RBFK,6.1021118286158236e-05
ARGSL,0.10180965719358182
FACOAL140,0.0
ZYMSTATer_RT,0.0019234572958095155
ALDD2ym,0.4432688925160305
FUMm,2.5820962422727143
MIPCS126g_RT,1.905390566084354e-12
CERS124er,-3.034247209650367e-12
UTPtm,0.0
PNP,0.037912953961992735
ECOAH5p,-0.009544371130399704
HGNTOR,0.01311333565464798
ALCD23xi,0.0
G5SADm,0.008070570666799436
ME1m,0.020203327247919733
FBP26,0.0
MI3PP,0.00038188982149792004
PRPPS,0.21081837634965253
HSDy,357088.4151700849
NNATm,0.0
ECOAH11p,0.0
GLCt1,1.1112837418050479
ECOAH7m,-0.011251767182206673
ASNTRS,0.008772902984495987
ADK4m,61893.01425270506
TRPt2r,0.0
PPM,-0.28326039039332834
ERGSTESTH_RT,0.0052523649734595185
THIORDXp,0.0
MTHFR3,0.008327459585234273
PEPDt3,0.0
PTE10m,0.0
ORNTA,0.0013157003484835458
PUNP6,0.009377771028833559
SO4ti,423347.01056531596
AGPRim,0.1115916848589229
ALDD2xm,0.1291610829633523
HMR_6515,0.0
GLNS,0.7610673260959278
FA181COAabcp,1.1830906335940835e-05
PSERSm_RT,0.0
UPPDC1,5.614592907554561e-05
FTHFLmi,0.0
MCITL2m,0.025036331216559016
PANTS,6.25649301563448e-05
FACOAL180,0.025898313248409188
HMBS,5.614592907554561e-05
ACCOAC,0.6299493459757766
SQLEr,0.0162633971100914
HISt6,0.0
FUMAC,0.01311333565464798
ACHBSm,0.03316695204389132
ATPPRT,0.007941136681952982
METAT,0.1907972048175152
MM3,0.0
FACOAE1829Z12Z,0.0
METSOXR2,0.0
FACOAE100,0.0
PYNP2r,-0.005192738389119498
CHOLSH,0.0
I4FE4STm,0.0
NO3t,0.0
UACMAMO,0.0
FACOAE140,0.0
SDPTA,0.0
F6PP,0.0
ORNCD,0.008275831058570441
UDPDOLPT,0.0
GDPTPDP,0.0
ACOAR5m,0.0006305792552441791
XYLK,1.1059245560564994
VNDH,0.0
AAMYLASE,0.0
APNn,0.0
UDPGDC,0.0
LIPOCTm,0.0
TGUAt,0.0
ADSHm,0.0
HACD3m,-0.032380063684269836
G12MT3,0.0
G6PP,0.2072177833756348
NADHXD2,0.22025069898942845
NA1tm,0.0
MANPGH,0.0
ULA4NFT,0.0
GLCNACT,0.0
LYSTRSm,0.0
ACPT1819Z1819Z,0.0
BTS,0.0
NARK,0.0
CYOO6m,5.777319278079068
2HESR,0.0
NTD6,0.0
3AMACHYD,0.0
ADNtm,0.0
MSAR,0.0
MALCOAMT,0.0
ACANTHAT,0.0
ALDD3y,0.0
GNP,0.0
MLTP2,0.0
SPMDtmr,0.0
CYANST,0.0
NTPP1,0.12542866454576196
HPYRP,0.09901696298616228
ACKrm,0.0
GGPTRCS,0.0
FACOAE180,0.0
BTP,0.0
INSH,0.0
BADP,0.0
DNAMTn2r,0.0
CHOLID,0.0
PYDXOR,-531009.0052715077
PPA2,0.0
UGLYCH,0.0
56DH5FLURAAMH,0.0
ASPTRSm,0.0
I2FE2SS2m,0.0
DKGLCNR1,0.0
34DHPHAMT,0.0
PGP1819Z160t,0.0
13BGHe,0.0
LCARSyi,0.0
TRE6PH,0.053692953672994086
VNDH_3,0.0
ACACT1p,0.23618130770085888
3HCINNMH,0.0
IMPDm,0.0
I2FE2SSm,0.0
DHPS2,0.0003170498023104484
UPPDC2,0.0
DHCURR,0.0
FACOAE161,0.1192186426853496
HEMELm,0.0
FORA,0.0
ACACT5m,-0.032380063684269836
URATEtm,0.0
NTD11,0.0005893294581835139
GLYCK,0.06914980828706721
LKDRA,0.0
LIPAMPLm,0.00025245354795618415
GLCNACPT,0.0
THMPe,0.0
ACOAD5p,0.0
HACD4m,-0.032380063684269836
Cu1ATPase,0.0
ACOAD6p,0.0
FTHFD,0.0
FACOAE1836Z9Z12Z,0.0
GRXR,0.0
TDPDRR,0.0
MG3A,0.0
GOFUCR,0.0
GPDDA2,0.0
NTPP2,0.03159620624131199
ACOXT,0.0
THRTRSm,0.0
PE1819Z1819Zt,0.0
PAIL1819Z160t,0.0
GDPDPK,0.0
PHDA,0.0
TM1601819Z,0.0
PNSPA,0.0
AMID_1,0.0
MOCOS,0.0
GDMANE,0.0
MDHp,-0.07286909869631675
ACOAR6m,0.00013117485309013463
APSR,0.24790221904650334
NTD1,0.0
6MPURPRT,0.0
NTD7,0.01643397972865572
MN6PP,0.0
ETHAK,0.0
CMPA,0.0
NADHHS,0.0
MTHFCx,0.0
ACOAD7p,0.0
BDMT,0.0
5DGLCNR,312180.4116966842
ACOAD2m,0.07502657389112277
MM1,0.0
ACOAD3p,0.0
MUCCY_kt,0.02540394724230689
FACOAE80,0.0
SDPDS,0.0
FACOAE181,0.0
ICYSDSm,0.00019647012518765784
GLCATr,0.0
I2FE2SRm,0.00019647012518765784
ACKr,-1.1283292019040267
ECOAH2m,-0.032380063684269836
MAGAH160,0.0
PG1819Z160t,0.0
5AOPt2,0.0
6TINS5MPOR,0.0
BDHm,0.0
ACOAD1p,0.0
CYNTAH,0.0
ACOAR4m,0.0
A5PISO,0.0
COALDDH,0.0
5FLURAt,0.0
GLUN,0.0
GLYCLTDxm,0.685693924438481
GPDDA3,0.0
R5PP,0.005224603573576271
AMPTASEPG,0.0
HACD3p,0.0
AATHA,0.0
BWCOS,0.0
OAADC,0.010725980216320513
NTRIR2x,0.0
DOLPMT,0.0
ACPT1601819Z,0.0
FOLR2_1,0.0
CYTDH,0.005192738389119498
SPMDAT1,0.02950168581500751
GLYAT,0.23215153481640916
SULO,0.0
DHFR,0.0005220515080117992
H2CO3D,0.0
SO4t2,-423354.42683243105
ORNTAC,0.0
PRAIi,0.09272275552136611
LIPATPTm,0.00025245353257437943
G3PD_u9cm,0.20141201275101203
UDPGALOR,0.0
G1PP,0.0
DSERDHr,0.0
FCLPA,0.0
HPYRRx,0.0
FT,0.0
CBPSm,0.0
HXAND,8.890845333693332e-05
ACOAR7m,0.002072342237415665
ACPCS,0.0
MG3B,0.0
ACGS,0.0022646287120667327
ACACT3m,-0.032380063684269836
ANHMK,0.0
A1E,0.0
NADHXE,-0.22025069898942845
FORAMDx,0.0
MM2,0.0
MG1B,0.0
TM1819Z1819Z,0.0
CURR,0.0
MALTATr,0.0
E4PP,0.0
GUDBUTNAH,0.0
URATEt_1,0.0
MAGAH180,0.0
6MPURt,0.0
CHLSTI_1er,0.0
RU5PP,0.25946584339686585
ARHGDx,0.0
MI13456PKn,0.0
PItn,0.0
NITR,0.0
OXOAEL,0.02540394724230689
5DKGR,312180.41169668525
FACOAE60,0.0
ACOAD4p,0.0
NAMNPP,0.0
GPDDA4,0.0
ECOAH2p,0.0
TRPS2,0.0
MLTP1,0.0
URO,0.0
SERDC,0.0043021367260307995
FE2GTPabc,0.114475254901552
DOLASNT,0.0
10FTHFGLULLm,0.0
FE3t,0.0005012507040043955
NTD10,0.00015534739400348496
UA4E,0.0
4HBHYOXp,0.0019294492193437836
SULOm,0.0
MAGAH1819Z,0.0
HACD6m,-0.032380063684269836
PE1801829Z12Zt,0.0
LIPOSm,0.0
NADPHXD2,0.0
G12MT4,0.0
H2Otp,0.40454626859232323
DHORD_u9m,0.000590910696309963
6TXAN5MPAML,0.0
ARSO4SH,0.0
AGPR,0.0
GMPS,0.005698972567689614
G16MT,0.0
NTD12,0.0
HACD2p,0.0
BUPN,0.0
TGUAPRT,0.0
FACOAE120,0.0
FACOAE160,0.0
AFLBURPPAAMH,0.0
ACDO,0.11461183530224117
I4FE4SRm,0.0
ACOAR2m,0.03602854948421023
HCYSMT2,0.0
F1PP,0.1475686331739548
CHOLD,0.0
SPODM,0.0
NH4tp,0.0
PE1819Z1829Z12Zt,0.0
ACPS1,0.0
ECOAH3m,-0.032380063684269836
GLYTLm,0.0
PMI12346PSn,0.0
MG1A,0.0
BMOCOS,0.0
SERASr,0.0
SPMDAT2,0.0
NTD3,0.0
PE1801819Zt,0.0
NTD9,0.0
TEGAt,0.0
NTPP7,0.0
GAPP,0.39237725064440965
ACACT3p,0.0
G12MT2,0.0
NTD8,0.0
ACOAD2p,0.0
OCTNLLm,0.0
MG2B,0.0
ACACT2m,-0.032380063684269836
NADPHXE,0.0
G2PP,0.0
ALCD19,-104314.43295055139
HACD7m,-0.011251767182206673
CATDOX,0.0
BTS5m,0.00019647012518765784
HCO3Em,0.05828102113661744
BTS_nadph,0.0
ECOAH3p,0.0
NADHHR,0.22025069898942845
G12MT1,0.0
PPGPPDP,0.0
I2FE2STm,0.00019647012518765784
ACOAR3m,0.02856840202571193
NADPHHS,0.0
APPTm,0.0
ASNS2,0.21233210948033765
FPGFTm,0.0
G13MT,0.0
2DDARAA,0.0
E4PD,0.0
NTPP8,0.0
FTHFDH,0.001341482741667595
3HPPPNH,0.0
XAND,0.0
MG2A,0.0
AHGDxm,0.0
MTHFR2m,0.0
GPDDA5,0.0
ACACT2p,0.0
NTD5,0.0
MTHFR3m,0.0
HADPCOADH3,0.0
NADPHHR,0.0
UPLA4FNT,0.0
UDPGLDC,0.0
XTSNH,0.22900990270016774
VNDH_2,0.0
GCPNn,0.0
HACD2m,-0.032380063684269836
MPTSS,0.0
FACOAE141,0.0
HACD5m,-0.032380063684269836
WCOS,0.0
ALAR,0.0
CLPNDCRNt,0.0
UDPGP,0.12630104480425097
HSD17B42x,0.0
CSNAT2m,-0.01878164725022423
GALt1r,-229229.30714140565
MM8Ber,0.0
HMGLm,0.3824892521257479
BACCLm,0.0
FADDP,0.0
MANt1r,-525597.2963094411
NBAHH_ir,0.0
GDPFUCtg,0.0
3HXKYNDCL,0.0
HMGCOARr,0.0
AGTim,0.12176891691352706
MELATN23DOX,0.0
ACOAD1m,0.032380063684269836
CLPNDCPT1,0.0
ESTRONEGLCt,0.0
SPRMS,0.07645021748194851
DOLPGT3_Uer,0.0
FPGS,0.0
MIP2CS326g_RT,0.0
VLCS2p,0.0
KATPase,0.19970619677617318
MIP2CS324g_RT,1.1767019554795648e-13
CRNtim,0.3752905037911365
SRTN23OX,0.0
UDPGALtg,0.0
HPDCACRNCPT1,0.01843468589696177
NMPTRCOX,0.0
C181CPT2,0.0
FPGS2,0.0
AMACR2p,0.0
UMPK4,5819.547531786215
DOLPGT1_Ler,0.0
5HLTDL,0.0
AGMTm,0.0
XANDp,0.0
AACTOOR,0.0
AMACRr,0.0
UMPK7n,-274222.79075502965
CHOLD2m,0.0
ARABR,0.0
HIBDm,0.06188987459403751
FAOXC2452253x,0.0
Kt3g,0.0
LNLNCGCRNt,0.0
TTDCPT2,0.015117959617000786
LNLNCGCPT2,0.0
MIP2CS224g_RT,1.815125510283288e-12
FACOAL244_1,0.0
CYTK8n,-364951.5293327089
P5CRx,0.008712557416130511
MLTG1,0.0
3SALATAi,0.0
DPGase,0.022854380345733376
2OXOADOXm,0.07258853690721559
DCSPTN1CPT1,0.0
UREAtm,0.0
CLOXAtex2,0.21692392076044795
GFUCS,0.0
FPGS8m,0.0
ESTRADIOLGLCt2,0.0
DCSPTN1CPT2,0.0
ESTRIOLGLCte,0.0
GTMLTe,0.00711321281460123
ACHEe,0.0
SCPx,0.0
HEXCCPT1,0.0
UDPDOLPT_L,0.0
GCHOLAt3,0.0
NRVNCCRNt,0.0
CYTK10,525791.2829417645
FACOAL2252,0.0
EHGLAT2m,0.0
TETTET6CPT2,0.0
HPDCACRNCPT2,0.01843468589696177
NMNATn,0.0
ENGASE,0.0
CYTK12n,3704.7880781760605
FAOXC2452256x,0.0
MG1er,0.0
CPK1,-26051.168723703682
SCP22x,0.0
LCADi_D,0.0
ACOX2x,0.0
DCSPTN1CRNt,0.0
C161CPT2,0.0
Na1ATPase,0.34188265584574784
SPMS,0.036720644644441545
XYLt,1.1944036423795545
A_MANASE,0.0
MALTt1r,-165305.53077039178
PTHPS,0.0
C160CPT2,0.011251767182206673
DOLPGT2_Ler,0.0
FPGS4m,0.0
THBPT4ACAMDASE,0.0
ALR3,0.0
FPGS9,0.0
CYTK10n,333742.7241887359
TYRCBOX,0.005257135991834061
SO4OXAtex2,0.2158487004772589
UMPK5n,-16742.15808153915
VLCSr,0.0
DUTPDPm,0.0
PHYCBOXL,0.0
C14STRr,0.016715981138530324
FRUt1r,-297510.8780113277
SACCD3m,0.0
ACP1_FMN,0.0
TSTSTERONEGLCte,0.0
UDPGLCtg,-2.2308755843133085e-11
EHGLATm,0.0
DESAT1836Z9Z12Zer,0.0017803852069237787
TETTET6CRNt,0.0
PTRCOX1,0.05853746383228803
FACOAL260,0.0
FACOAL150,0.0
CLOHtex2,0.0
CLHCOtex,0.1415925936099444
ETHP,0.0
SALMCOM2,0.0
CYTK5n,91157.61279378433
MI145PPn,0.0
MIP2CS126g_RT,1.905390566084354e-12
FACOAL240,0.0021491862613874997
UMPK5,313525.6780769413
BILGLCURte,0.0
FACOAL191,0.0
SO4CLtex2,3.0889152599934753
DOLPMT1_Ler,0.0
SCP3x,0.0
UMPK3,-49872.084439534345
MAN1_6B1er,0.0
SERLYSNaex,291143.0241801248
CHLP,0.0
TTDCRNt,0.015117959617000786
MMSAD1m,0.06188987459403751
AKGDm,1.399239338536635
CYTK13n,367327.9802196408
PTDCACRNt,0.0
UMPK4n,254857.697370663
SR5ARr,0.0
FACOAL200,0.0
NRVNCCPT2,0.0
ABTArm,0.00809830010372032
FACOAL241,0.0
ADPMAN,0.0
NRVNCCPT1,0.0
UMPK6n,30213.429276858144
FPGS6m,0.0
ASNtN1,221623.9193692241
LCYSTAT,0.0
CHOLATEt3,0.0
AATA,0.01988282392739785
LNLNCGCPT1,0.0
DABT2D,0.08496014518731332
GAMt1r,0.0
CPCTDTX,0.0
C161CPT12,0.0
FPGS6,0.0
C161CRN2t,0.0
H2O2syn,44697.533768785215
13DAMPPOX,0.0
CAMPt,0.0
KYNAKGAT,0.0
CYTK7,354544.7397285139
XAOx,0.0
PAPStg,0.0
GLYATm,0.0
AMY2e,0.0
NDP7g,-2.2308755843133085e-11
FACOAL206,0.0
BAMPPALDOX,5.7878373859598936e-05
SQLSr,0.01732968310425775
PROSTGE2t3,0.0
HSD17B4x,0.0
CYTK14,-68337.95284392513
PRODt2r,0.0
3AIBTm,0.0
APAT2rm,0.0
GCALDD,0.14249572384383774
DHPM1,0.0
UGALNACtg,0.0
P45017A1r,0.0
NADH2_u9m2,7.742999729274745
PTHPSn,0.0
ELAIDCRNt,0.0
GLXO2p,0.0
UAG4Ei,291113.9349378246
FACOAL40im,0.0
LTC4Sr,0.0
PTDCACRNCPT1,0.0
SERCA,0.0
XAO2x,0.0
CYTK11n,-47591.297229038086
HEXCCRNt,0.0
UMPK6,-298359.5001339812
DADAe,0.0
AMACR2r,0.0
LTA4H,0.0
G13MT_L,0.0
CYTK2n,-263764.77714263415
GLCNACPT_L,0.0
C161CPT22,0.0
FAOXC241181x,0.0
FPGS2m,0.0
DESAT1619Zer,4.568169452870371e-05
CGMPt,0.0
CLFORtex2,0.004813446316786091
DOLPGT3_Ler,0.0
FPGS7,0.0
UMPK3n,28044.65061386871
C161CPT1,0.0
ADPGLC,0.0
CSNATer,0.0
C181CPT1,0.0
FPGS8,0.0
FACOAL1813,0.0
GLCtg,0.0
C3STDH1r,0.01443379723115294
CYTK12,210482.33859417317
M14NTg,0.0
FPGS5,0.0
SERHL,0.003931286609555875
CAT2p,0.0
HISTASE,0.0
DOLPGT2_Uer,0.0
VLCSp,0.0
TETTET6CPT1,0.0
HEXCCPT2,0.0
SELADT,0.0
LTDCL,482433.1032672939
P45017A3r,0.0
CYTK14n,323180.2210892176
FPGS9m,0.0
SPODMm,0.0
FAOXC2442246x,0.0
HISDC,0.0003691282547765378
FAOXC200180x,0.0008719268572382746
HMGLx,0.0
DOLPMT3_Uer,0.0
ACOX22x,0.0
FPGS7m,0.0
NAt3_1g,0.0
DALAt2r,0.0
BDMT_U,0.0
ALAtN1,264859.94498764
CYTK13,195814.66593520436
FPGS3,0.0
HPDCACRNt,0.01843468589696177
UMPK7,-160210.43095045927
CYTK6n,150142.24787916234
34DHPLACOX_NADP,-157545.39742772694
UDPGLDCg,0.0
LALDO2,0.0
5ADTSTSTERONEGLCte,0.0
AACOATx,0.23618130770085888
SCP21x,0.0
3SALAASPm,0.0
PTRCAT1,0.0
MIP2CS124g_RT,1.6896070576592644e-11
C160CRNt,0.011251767182206673
ENGASE2,0.0
34DHALDD,157545.39742772694
DESAT1819Zer,0.0165363888532725
BDMT_L,0.0
MAN1_7Ber,0.0
C181CRNt,0.0
VLCS2r,0.0
BILDGLCURte,0.0
CSNAT2x,0.0
FACOAL2251,0.0
GLCNACPT_U,0.0
CGLYt3_2,0.0033362111336702176
UMPK2,453290.7908639903
ACRNtm,0.33892783848001456
CYTK3n,-43837.521049336276
CHTNASEe,0.0
ALDD21er,0.0
CHTNASE,0.0
ELAIDCPT1,0.0
OIVD1m,0.05828102113661744
DOLPMT1_Uer,0.0
OXAHCOtex,0.4764627993609352
CYTK9n,-34871.59350605286
MACOXO,0.0
CYTK2_1,252279.07052990483
CYTK1n,159864.56284417878
C3STDH1Pr,0.0017071154412956076
CLPNDCPT2,0.0
C161CRNt,0.0
BTNPLm,0.0
UDPDOLPT_U,0.0
PROD_u9m,0.0
LNS14DMr,0.01569599592454377
5HTRPDOX,0.0
GTPCIn,0.0
GLNtN1,15941.920326443229
SCP2x,0.0
TTDCPT1,0.015117959617000786
CYTK11,-181625.9539496151
BTNPL,0.0
SO4HCOtex,0.9013626546206223
FPGS4,0.0
5HXKYNDCL,0.0
G13MT_U,0.0
LSTO1r,0.0
FACOAL170,0.000673474893772916
P45017A4r,0.0
ADSELK,0.0
3SALATAim,0.0
FPGSm,0.0
PTDCACRNCPT2,0.0
CSNAT3x,0.0
NDP8,0.28499356684279753
FPGS3m,0.0
AHANDROSTANGLCte,0.0
GLYKm,0.00014625567631835345
CYTK4n,-349478.09461883997
HACD1m,-0.11164099441865766
UMPK2n,-114266.06061594686
DUTPDPn,0.0
CATm,0.0
ADAe,0.0
ATPtm,32.792768203610734
ACCOAtr,0.0
MI1345PPn,0.0
C4STMO1r,0.016715981138530324
DASPO1p,0.0
HIStN1,-290521.652876538
MHISOR,0.0
ALDD19x_P,145879.80991983388
CYTK8,-428921.1409575684
AMACRp,0.0
SBTR,0.8379689327254756
TCHOLAt3,0.0
MCCCrm,0.05828102113661744
ELAIDCPT2,0.0
PCLAD,0.01506733924872181
LCADi,0.0
DOLPMT3_Ler,0.0
CYSTSERex,0.0
CYTK7n,-374502.146543185
3HLYTCL,0.0
ACCOAgt,0.0
LFORKYNHYD,0.0
GALOR,0.0
ANDRSTRNGLCte,0.0
SR5AR2r,0.0
FPGS5m,0.0
OIVD2m,0.06188987459403751
SALMCOM,0.0
TRYPTAOX,482433.1032672939
2OXOADPTm,-0.006250040989973411
4HOXPACDOX_NADP,0.0
C160CPT1,0.011251767182206673
MIP2CS226g_RT,7.853870022228976e-13
CYTK9,-431668.20402574947
PROSTGE1t3,0.0
3HKYNAKGAT,0.0
AMY1e,0.0
DOLPGT1_Uer,0.0
CLHCO3tex2,1.173885537312388
DHAAt1r,0.0
P45017A2r,0.0
ARHGDxm,-0.00809830010372032
S3HBTRHDm,0.0
GHBTRHDm,-0.00809830010372032
FALGTHLs,0.0
3HBCOAHLm,0.06188987459403751
L_LACDcm,0.0
GLYCLTDyp,0.0025371283654549003
GLYOp,0.0
TYROXDAc,0.0
SUCCtp,-0.4482394155475643
ICITtp,0.45265244068647975
CCP2_m,0.0
FRDPtm,5.614592907554561e-05
IPDPtm,0.00042089133518279683
GRDPtm,6.012733359754323e-05
NPDPS_m,6.012733359754323e-05
HBZNPT_m,5.230020616537303e-05
3NPHBH2_m,5.230020616537302e-05
DHNPBMT_m,6.012733359754313e-05
NPHMBDC_m,6.012733359754313e-05
COQ6_m,6.012733359754313e-05
COQ5_m,6.012733359754313e-05
COQ7_m,6.012733359754313e-05
COQ3_m,6.012733359754313e-05
ETFQO_m,0.31394488953785515
G5SADs,0.013936413022416667
G5SADrm,0.0
PHCHGSm,0.0
PItx,0.0
PIt9,-193303.3891197542
PMCA,0.03670715172780458
MI3PS,0.00038188982149792004
ACRS,0.11461183530224117
2OH3K5MPPISO,0.11461183530224117
AOXSp,0.0
DBTSm,0.00019647012518765784
FTHFCLm,0.0
HTMLA_m,0.0
TMLOX_m,0.0
TMABDH1_m,0.0
GBBOX_m,0.0
OBDHm,0.0724744833324652
GRXRm,0.0
DHAOX_c,0.0
NDPK10m,0.0
NDPK1m,-61892.707315637206
NDPK2m,0.0
NDPK3m,0.0
NDPK4m,0.0
NDPK5m,0.0
NDPK6m,0.0
NDPK7m,0.0
NDPK8m,0.0
NDPK9m,61893.014252707566
DNTPPA,0.0003170498023104492
3SALACBOXL,0.0
ACOAD3m,0.0709314774057978
ACOAD4m,0.032380063684269836
ACOAD5m,0.033440952642573865
ACOAD6m,0.032608489630098825
ACOAD7m,0.013501759205075868
ACOAD8p,0.0
FAOXC5C3m,0.01843468589696177
FAOXC7C5m,0.01843468589696177
FAOXC9C7m,0.01843468589696177
FAOXC11C9m,0.01843468589696177
FAOXC13C11m,0.01843468589696177
FAOXC15C13m,0.01843468589696177
FAOXC170150m,0.01843468589696177
FAO183p_even,0.0
FAO183p_odd,0.0
4CMCOAS,0.0
COUCOALp,0.006935230650974539
DESAT1829Z12Zer,0.008831749971326953
CERS118er,-1.7524913498914132e-11
CERS2p18er,-1.7524913498914132e-11
CERD418er,-1.7524913498914132e-11
CERD518er,-1.7524913498914132e-11
CERMT618er,-1.7524913498914132e-11
CER618trg,-2.2308755843133085e-11
CERGT18g,-2.2308755843133085e-11
CER124trg,7.649682471450205e-12
CER126trg,8.170576383992419e-13
CER224trg,3.673051468580744e-13
CER226trg,9.795216997723444e-13
CER324trg,0.0
CER326trg,0.0
C3STKR1er,0.016715981138530324
C3STKR2er,0.016715981138530324
FRDPtcr,0.0346593662085155
FAS240COAer,0.000907566772906358
FAS260COAer,-5.710647934451893e-13
PLBPEe_RT,0.0
TAGtrd,0.00011058662018318061
EPISTESTtrd,0.0005401309382063218
ERGSTESTtrd,6.562126760772849e-05
FECOSTESTtrd,0.0010855878094391865
LANOSTESTtrd,0.0
ZYMSTESTtrd,1.9234572958095044e-05
DAGL_RT,6.608971609932565e-06
MAGL_RT,6.608971609932565e-06
PI45BP5Pn_RT,0.0
GLYCtm,0.00014625567631835345
PGPPAm_RT,0.00014625567631835345
PAterm_RT,2.9251135263671273e-06
CDPDAGterm_RT,0.0
PSterm_RT,2.991905649902571e-05
PEterm_RT,-2.991905649902571e-05
PIN3Per_RT,0.0
PIN4Per_RT,0.007566069217944762
PIN3Pn_RT,0.0
PSERDer_RT,0.0003373266933655374
PMDPHT,0.00014146174026125264
SBP,0.051771114790705765
G6PDH2rp,0.0
PGLp,0.0
GNDp,0.0
OAADCm,0.14718729544324066
HACONTam,0.07699694770038035
UREAt,83376.12824996782
EX_co2_e,2.002230123281464
EX_h_e,2.888313294767463
EX_h2o_e,8.166402008172412
EX_nh4_e,-1.2945117260533259
EX_o2_e,-6.430438395537646
EX_pi_e,-5.696012549420322
EX_so4_e,-0.2479230661697258
EX_glc__D_e,-1.1112837418050479
H2Oter,0.034379550719021906
H2Otg,0.0
H2Otn,0.0
H2Otv,0.0
CO2t,-2.002230123281464
CO2ter,-0.03751383992887112
CO2tg,0.0
CO2tm,-5.503662389264971
CO2tn,0.0
CO2tp,-0.004844789278363981
CO2tv,0.0
O2t,6.430438395537646
O2ter,0.19957993107715938
O2tm,5.777701191943339
O2tn,0.0
O2tp,0.03629388045210394
ATPM,1.22
BIOMASS_RT,0.08125315351019577
C30CPT1,-0.01878164725022423
PCRNtm,-0.01878164725022423
PCRNtc,0.0
ACRNtp,0.33892783848001456
DCACOAtr,0.0
DDCACOAtr,0.0
HDCOAtr,0.0019782022031888252
HEXCCOAtr,-4.763476415210885e-13
HMGCOAtr,0.0
LNLNCGCOAtr,0.005496196656981018
MALCOAtr,0.0032554189265220843
OCDYCACOAtr,0.04143052477691657
ODECOAtr,0.10505857495935081
PMTCOAtr,0.05169829627685027
STCOAtr,0.04621473112228862
TDCOAtr,0.0
TTCCOAtr,0.0021491862613874997
FA183COAabcp,0.0
FACOAL180p,0.001357851155187728
FACOAL181p,1.1830906335940835e-05
FACOAL182p,0.0
FACOAL1831p,0.0
GLYC3Pter,0.0104363055797954
DHAPter,0.01087988105000616
EX_13BDglcn_e,0.0
EX_35cgmp_e,0.0009013077785539672
EX_4abut_e,0.0
EX_5adtststeroneglc_e,0.0
EX_5aop_e,0.0
EX_5flura_e,0.0
EX_6mpur_e,0.0
EX_ac_e,0.02784210524182021
EX_acgam_e,0.0
EX_ach_e,0.0
EX_ade_e,0.0
EX_adn_e,0.0
EX_ahandrostanglc_e,0.0
EX_ala_B_e,0.0
EX_ala__D_e,0.0
EX_ala__L_e,0.0067305136299084
EX_alltn_e,0.0
EX_alltt_e,0.0
EX_amet_e,0.0
EX_andrstrnglc_e,0.0
EX_arach_e,0.0
EX_arg__L_e,0.0
EX_asn__L_e,0.013237473637196632
EX_asp__L_e,0.0
EX_bildglcur_e,0.0
EX_bilglcur_e,0.0
EX_ca2_e,-6.760262372048235e-05
EX_camp_e,0.0011814493588426034
EX_cgly_e,0.002478341080637011
EX_chol_e,0.0
EX_cholate_e,0.0
EX_chtn_e,0.0
EX_cl_e,0.0
EX_csn_e,0.0
EX_cu_e,0.0
EX_cys__L_e,0.0004240952913066538
EX_cysi__L_e,0.0
EX_cytd_e,0.0
EX_dad_2_e,0.0
EX_dca_e,0.0
EX_ddca_e,0.0
EX_dhdascb_e,0.0
EX_din_e,0.0
EX_epist_e,0.0005375756547837509
EX_ergst_e,0.0003012227045300267
EX_estradiolglc_e,0.0
EX_estriolglc_e,0.0
EX_estroneglc_e,0.0
EX_fe2_e,0.00034808850963767514
EX_fe3_e,-0.0005012507040043955
EX_fecost_e,0.0
EX_fmn_e,0.0
EX_for_e,0.004813446316786091
EX_fru_e,0.006484538705742765
EX_g3pc_e,0.0
EX_g3pe_e,0.0
EX_g3pi_e,0.0
EX_gal_e,0.0
EX_galur_e,0.0
EX_gam_e,0.0
EX_gchola_e,0.0
EX_gln__L_e,0.010409351439165776
EX_glu__L_e,0.0
EX_gluala_e,0.00711321281460123
EX_gly_e,0.008689365931422983
EX_glyc_e,0.0
EX_glygn2_e,0.0
EX_glygn4_e,0.0
EX_gthrd_e,0.0
EX_gua_e,0.0
EX_hco3_e,4.33514817612938
EX_hdca_e,0.0
EX_hdcea_e,0.0
EX_his__L_e,0.0023396177224396827
EX_ile__L_e,0.0
EX_inost_e,0.0
EX_ins_e,0.0
EX_k_e,-0.047590215770382416
EX_lac__D_e,0.0
EX_lac__L_e,0.0
EX_lanost_e,0.0005647463805855642
EX_leu__L_e,0.0041926353781739974
EX_lys__L_e,0.005822593616327536
EX_malt_e,0.0
EX_man_e,0.0
EX_met__L_e,0.0
EX_na1_e,-0.0021206260819250384
EX_nac_e,0.0
EX_no2_e,0.0
EX_no3_e,0.0
EX_nrvnc_e,0.0
EX_ocdca_e,0.0
EX_ocdcea_e,0.0
EX_ocdcya_e,0.0
EX_oh1_e,0.0
EX_orn_e,0.0
EX_oxa_e,0.0
EX_pail1819Z160_e,0.0
EX_pc_RT_e,0.0
EX_pe1801819Z_e,0.0
EX_pe1801829Z12Z_e,0.0
EX_pe1819Z1819Z_e,0.0
EX_pe1819Z1829Z12Z_e,0.0
EX_pe_RT_e,0.0
EX_pectin_e,0.0
EX_pepd_e,0.0
EX_pg1819Z160_e,0.0
EX_pgp1819Z160_e,0.0
EX_phe__L_e,0.002200083761649132
EX_pnto__R_e,0.0
EX_pro__D_e,0.0
EX_pro__L_e,0.002445312150452732
EX_prostge1_e,0.0
EX_prostge2_e,0.0
EX_ptd1ino_RT_e,0.0
EX_ptrc_e,0.0023063839775338034
EX_pyr_e,0.0
EX_ribflv_e,0.0
EX_ser__L_e,0.005594159930725681
EX_so3_e,0.23466250942401862
EX_spmd_e,0.0059575169219898225
EX_sprm_e,0.0
EX_strch1_e,0.0
EX_strch2_e,0.0
EX_sucr_e,0.0
EX_tchola_e,0.0
EX_tega_e,0.0
EX_tgua_e,0.0
EX_thm_e,0.0
EX_thmmp_e,0.0
EX_thmpp_e,0.0
EX_thr__L_e,0.007597112971283432
EX_trp__L_e,0.0
EX_tststeroneglc_e,0.0
EX_ttc_e,0.0
EX_ttdca_e,0.0
EX_tyr__L_e,0.0
EX_ura_e,0.0
EX_urate_e,0.0
EX_urea_e,0.08989638050633093
EX_uri_e,0.0
EX_val__L_e,0.004431307397752529
EX_xyl__D_e,-1.1944036423795545
EX_zymst_e,0.01095359752848871
DOLPter,0.06564775410018124
KYNATESYN,0.0
r0647,0.0
3SPYRSP,0.0
3SPYRSPm,0.0
3SALAOX,0.0
DM_aacald_c,0.0
DDPGAm,0.0
34HPPOR,0.01311333565464798
MACACI,0.01311333565464798
34HPPYRDC,0.0
IND3ETHt,0.0013395846727467036
EX_ind3eth_e,0.0013395846727467036
AM6SAD,0.01506733924872181
AMCOXO,0.01506733924872181
QUILSYN,0.0001367491875205762
PYRt2m,1.3961868800982973
LEUt5m,-85732.64679530168
VALt5m,-4485.41088607217
ILEtmi,-87461.46675099642
3MOPtm,-87461.47961423706
3MOBtm,4485.376333969438
4MOPtm,85732.71342775522
2AMACHYD,0.004043784378885782
THRtm,0.09159278663883631
2OBUTtm,0.017902724100961588
2OBUTt,0.0
EX_2obut_e,0.0
NH4tm,-0.09160216575562172
ACALDtm,-0.5819259570268199
HCITSm,0.07699694770038035
AASAD3m,0.0
Htr,-0.15506745318744442
PIter,0.3203396981631391
PPItr,-0.04108099288306533
COAtr,-0.25752441482237753
NADPHtru,0.2500811665644909
NADPtru,0.25008116656449086
INOSTter,0.00038188982149792004
CDPCHOLter,0.015174132101210864
FORtr,-0.016715981138530324
AMETr,0.010516385407641039
AHCYStr,-0.010516385407641039
ATPter,0.011563561652802654
ADPter,0.011563561652802654
AMPter,0.0
CTPter,0.294314963421965
CDPter,0.2903645034344284
CMPter,-0.019847588494644228
SERter,0.003830368094959961
AKGMALtm,421580.8387161221
AKGCITtm,421572.6834690961
ASPGLUm,0.012452453121751993
UCP2ASPtm,0.06574324246233851
UCP2MALtm,8.034375329208626
UCP2OAAtm,0.03706045764377469
OAAIPMtm,0.06932126931468842
ORNARGtm,0.0
ORNLYStm,0.0
ARGt7m,0.0
LYSt7m,0.0
FE2tm,9.297692213574208e-07
CTPtm2,5.516708790632508e-05
UTPtm2,0.0
GLYtm,-0.12132313883516871
PYDX5Ptm,0.0
5AOPtm,-0.00044916743260436486
PPPG9tm,5.614592907554561e-05
FCLTm,5.614592907554561e-05
NMNHYD,0.03802178135073303
PSURIK,0.025023795116451683
PSURIP,0.025023795116451683
NADDP,0.1133953498953598
DHNPA2r,0.0003170498023104492
HPPK2,0.0003170498023104484
DHFRim,0.0
FAAH,0.0
ALDD16er,0.0
ALDD3C161er,0.0
4HBALDDm,0.0
EX_glyclt_e,0.145
GLYCLTt,-0.145
GLYCLTtm,-0.685693924438481
GLYCLTtp,0.00010031201563946791
EX_glx_e,0.03188662172876593
GLXt,0.03188662172876593
GLXtm,0.8043505892597137
GLXtp,-0.19504312998389928
TDP,0.0
TMN,0.0
THZPSN4,0.000113185642839704
HMPPS,0.000113185642839704
DM_4oglu_c,0.000113185642839704
THMP,0.000113185642839704
QUINDH,0.0
DHSKDH,0.023112273525696003
TAL,0.011866125790771028
CCOAOMT,0.0
EX_4abz_e,0.0045358839263112734
4ABZt,0.0045358839263112734
4ABZtm,7.99095853740108e-06
ABZNPT_m,7.99095853740108e-06
3NPABH_m,7.99095853740108e-06
3NPAHBDH_m,7.99095853740108e-06
SERTRSm,0.0
SRC_8aonn_m,0.00019647012518765784
DM_amob_m,0.00019647012518765784
DM_dad_5_m,0.00019647012518765784
METtm,-0.00019647012518765784
CYStm,0.00019647012518765784
SRC_lipoate_m,0.00025245353257437943
FAS170COA_L,0.01878164725022423
HPDCACOAtr,0.001020704589312863
FAS200COAer,0.001433032433696798
FAS220COAer,0.000907566772906358
FAOXC24C22x,0.0005140205075813793
FAOXC22C20x,0.0005140205075813793
FA200tp,0.000336737446886458
FACOAL200p,0.000336737446886458
FA220tp,0.0
FACOAL220p,0.0
SK_triglyc_RT_d,1.028997298356716e-06
HDCAt,0.0
HDCEAt,0.0
OCDCAt,0.0
OCDCEAt,0.0
OCDCYAt,0.0
LNLNCGt,0.0
HPDCAt,0.0
ARACHt,0.0
DOCOSACt,0.0
TTCt,0.0
EPISTtr,0.05306390675683651
ERGSTtr,0.004869736139368469
FECOSTtr,0.1075976159622836
LANOSTtr,-0.0005647463805855642
ZYMSTtr,-0.010833815405754729
SK_epistest_RT_d,2.3844598538303995e-06
SK_ergstest_RT_d,9.690194409378404e-06
SK_fecostest_RT_d,4.018186180784348e-06
SK_lanostest_RT_d,0.0
SK_zymstest_RT_d,1.6366276282975727e-05
SRC_trnaala_c,0.04692970888549852
SRC_trnacys_c,0.0027844643176409374
SRC_trnaasp_c,0.016030922174947816
SRC_trnaglu_c,0.016955339302433217
SRC_trnaphe_c,0.007732375100644415
SRC_trnagly_c,0.041700743444503044
SRC_trnahis_c,0.004970011640758167
SRC_trnaile_c,0.012884231298938367
SRC_trnalys_c,0.014002680957026399
SRC_trnaleu_c,0.02601766601973263
SRC_trnamet_c,0.004635492407756719
SRC_trnaasn_c,0.008772902984495987
SRC_trnapro_c,0.01916737515359508
SRC_trnagln_c,0.009579584292545238
SRC_trnaarg_c,0.011917806291108009
SRC_trnaser_c,0.027371749822979782
SRC_trnathr_c,0.017723750375179342
SRC_trnaval_c,0.022358267745093523
SRC_trnatrp_c,0.0018947422867042836
SRC_trnatyr_c,0.0050671904123564
EX_mg2_e,-0.005014619622035211
MG2t,0.005014619622035211
EX_mn2_e,-4.93206641806892e-05
MNt,4.93206641806892e-05
CU2t,4.265790559285287e-05
EX_cu2_e,-4.265790559285287e-05
Zn2t,4.143910829019992e-05
EX_zn2_e,-4.143910829019992e-05
Kt2r,0.24728023135773203
CA2t,0.03677436121646675
PACCOAL,0.0
PACCOALp,0.0
3HPDm,0.13495134431699374
COUCOAHp,0.006935230650974539
4HBZACCOARp,0.006935230650974539
4HBZACCOATp,0.006935230650974535
4HBZCOAEp,0.006935230650974535
4HBZtp,-0.004283749240064919
4HBZtm,5.230020616537303e-05
T4HCINNMtp,0.006935230650974537
EX_T4hcinnm_e,0.0037778371116091716
T4HCINNMt,-0.0037778371116091716
34DHBZtp,-0.0019294492193437836
PCADYOX,0.02540394724230689
4CMLCL_kt,0.02540394724230689
3OADPCOATm,0.02540394724230689
3OXCOATm,0.02540394724230689
3OXOADPTm,0.02540394724230689
PPItx,-0.45242346889958984
Htx,-1.339270402575211
COAtp,0.0
CRNtp,0.33892783848001456
AKGtp,-0.004844789278363981
MAL_Ltx,0.3347863572266545
OAAtp,-0.07286909869631675
EX_fer_e,0.0
FERt,0.0
FERULCOAS,0.0
CAFFCOAE,0.0
34DHCINMtp,0.0
CAFFCOALp,0.0
CAFFCOAHp,0.0
34DHBZACCOARp,0.0
34DHBZACCOATp,0.0
34DHBZCOAEp,0.0
EX_bz_e,0.0
BZt,0.0
BZ4OX,0.0
RBK_Dr,0.33494343834293705
EX_arab__L_e,0.0
ARAB_Lt,0.0
XYLR,1.1944036423795545
ABTD,0.0
XYLUR,0.0
ARAB1D,0.0
DABT4D,-0.08496014518731332
EX_lyx__L_e,0.0
LYXt,0.0
LYXR,0.0
EX_abt_e,0.0
ABTt,0.0
EX_xylt_e,0.0
XYLTt,0.0
EX_xylu__D_e,0.0
XYLUDte,0.0
EX_abt__D_e,0.0
ABT_Dt,0.0
EX_rbl__D_e,0.0
RBL_Dt,0.0
FPK,0.1757689528220881
XPK,0.9407842115893507
GGDPter,0.0017311596206410985
PSYer,0.0008655798103205493
PDSer,0.0008655798103205493
LYCOPCer,0.0008655798103205493
GCAROCer,0.0008655798103205493
BCAROtrd,0.0008655798103205493
DM_bcaro_d,0.0008655798103205493
DM_3aap_c,0.10758352115197023
DIAT,0.07639555894143206
EX_succ_e,0.0
EX_tre_e,0.0
TREHe,0.0
TREt2,0.0
EX_galt_e,0.0
GALTt,0.0
EX_ser__D_e,0.0
SER_Dt,0.0
EX_sbt__D_e,0.0
SBT_Dt,0.0
EX_glcn_e,0.0
GLCNte,0.0
EX_glyc3p_e,0.0
EX_g6p_e,0.0
EX_h2o2_e,0.04907595161980387
H2O2t,-0.04907595161980387
GXLOe,0.0
MTHGXLe,0.0
EX_rib__D_e,0.005224603573576271
RIBt,-0.005224603573576271
EX_thymd_e,0.0
THYMDt1,0.0
EX_asp__D_e,0.0
ASPDTDe,0.0
EX_12ppd__S_e,0.0
12PPDSt,0.0
EX_12ppd__R_e,0.0
12PPDRte,0.0
EX_akg_e,0.0
EX_g1p_e,0.0
EX_f6p_e,0.0
EX_malttr_e,0.0
MLTG1e,0.0
MALTe,0.0
EX_melib_e,0.0
MELIBt2,0.0
GALS3,0.0
MLTG4,0.0
MLTG3,0.0
MLTG2,0.0
EX_cit_e,0.0
EX_fum_e,0.0
EX_ppa_e,0.0
PPAtr,0.0
EX_cellb_e,0.0
BG_CELLB,0.0
EX_acac_e,0.008549039878996315
ACACt2,-0.008549039878996315
ACACt2m,-0.23399932436316268
ACACtx,0.23618130770085888
EX_mal__L_e,0.0
EX_tym_e,0.005257135991834061
TYMte,0.005257135991834061
EX_peamn_e,0.0
EX_etha_e,0.0043021367260307995
ETHAt,-0.0043021367260307995
EX_glycogen_e,0.0
EX_mannan_e,0.0
EX_arab__D_e,0.0
ARAB_Dt,0.0
DARABR,0.0
EX_drib_e,0.0
DRIBt,0.0
EX_srb__L_e,0.0
SRB_Lt,0.0
EX_but_e,0.0
BUTt,0.0
EX_hxa_e,0.0
HXAt3,0.0
FACOAL40,0.0
FACOAL60,0.0
C40CPT1,0.0
C60CPT1,0.0
C40CRNt,0.0
C60CRNt,0.0
C40CPT2,0.0
C60CPT2,0.0
EX_4hbz_e,0.0042296871804665135
4HBZte,0.0042296871804665135
EX_bhb_e,0.0
BHBt,0.0
BHBtm,0.0
EX_ghb_e,0.00809830010372032
GHBt,-0.00809830010372032
GHBtm,-0.00809830010372032
4ABUTtm,0.00809830010372032
EX_5dglcn_e,0.0
5DGLCNt,0.0
EX_quin_e,0.0
QUINt,0.0
EX_ad_e,0.0
ADtr,0.0
EX_acglu_e,0.0022646287120667327
ACGLUtd,0.0022646287120667327
EX_hom__L_e,0.007823822123878891
HOMt,-0.007823822123878891
EX_dha_e,0.0
DHAt,0.0
EX_btd_RR_e,0.0009027860228919396
BTDt_RR,0.0009027860228919396
EX_citr__L_e,0.008658674188763971
CITRte,0.008658674188763971
EX_mma_e,0.0
MMAt2e,0.0
EX_agm_e,0.0
AGRMte,0.0
AGMt_m,0.0
EX_hista_e,0.0003691282547765378
HISTAtu,-0.0003691282547765378
EX_frmd_e,0.0
FRMDt,0.0
EX_gsn_e,0.0
GSNt,0.0
EX_thym_e,0.0
THYMt,0.0
EX_xan_e,0.0
XANt,0.0
EX_xtsn_e,0.0
XTSNtr,0.0
EX_ppi_e,2.7037973199154095
PPIt2r,-2.7037973199154095
EX_pppi_e,0.0
PPPIt2r,0.0
EX_amp_e,0.0
EX_cmp_e,0.0
EX_gmp_e,0.0
EX_ump_e,0.0
NTD2e,0.0
NTD4e,0.0
NTD7e,0.0
NTD9e,0.0
EX_glyc2p_e,0.0
G2PPe,0.0
EX_cbp_e,0.2159463055388684
CBPt,-0.2159463055388684
EX_2pg_e,0.0
EX_glyc__R_e,0.024366881649156347
2PGPe,0.0
GLYC_Rt,0.024366881649156347
EX_3pg_e,0.0
3PGPe,0.0
EX_pep_e,0.0
PEPPe,0.0
EX_2doxg6p_e,0.0
EX_gam6p_e,0.0
GAM6PPe,0.0
EX_6pgc_e,0.0
GNPe,0.0
EX_35ccmp_e,0.0
CCMPt2,0.0
CAMPt2,-0.0011814493588426034
CGMPt2,-0.0009013077785539672
EX_man1p_e,0.0
MAN1PPe,0.0
EX_man6p_e,0.0
MAN6PPe,0.0
EX_pser__L_e,0.0
PSERtr,0.0
EX_cholp_e,0.0008835217530848746
CHOLPtr,-0.0008835217530848746
EX_ethamp_e,0.0
ETHAMPtr,0.0
EX_dtmp_e,0.0
NTD5e,0.0
EX_minohp_e,0.0
MINOHPtn,0.0
PHYTSe,0.0
MINPP1er,0.0
MINPP2er,0.0
MINPP3er,0.0
MINPP4er,0.0
EX_tsul_e,0.0
TSULt4_3,0.0
EX_Lcyst_e,0.0
LCYSTt,0.0
EX_3sala_e,0.0
3SALAt,0.0
EX_cyst__L_e,0.001855949430564439
CYST_Ltr,-0.001855949430564439
EX_metsox_S__L_e,0.0
EX_metsox_R__L_e,0.0
METSOX1t,0.0
METSOX2t,0.0
EX_taur_e,0.0
TAURt,0.0
EX_hyptaur_e,0.0
BG_MBDG,0.0
EX_mbdg_e,0.0
MEOHt2,0.0
EX_meoh_e,0.0
RBTt,0.0
EX_rbt_e,0.0
RBTDG,0.0
EX_arbt_e,0.0
EX_hqn_e,0.0
ARBTHe,0.0
EX_salcn_e,0.0
EX_2hxmp_e,0.0
SALCNHe,0.0
EX_btn_e,0.0
BTNt2i,0.0
EX_fol_e,0.0
FOLt,0.0
NADtm,-1.1548657907005753e-11
EX_pydxn_e,0.0004207997154188471
PYDXNtr,-0.0004207997154188471
RIBFLVt2,0.0
T_eg,0.14217720458325117
EX_eg_e,-0.14217720458325117
EG_ox_nad,0.04965333623292372
EG_ox_nadp,0.09197045986741396
