reaction_id,median_fluxes,std_fluxes
ALCD25yi,0.0,0.0
MTHFCm,0.0,0.0
AMPN,0.006699634858998468,0.006294640290147143
DAGCPTer_RT,1.530245976675871e-06,2.0305198086219553e-06
PYRt2,0.0,0.0
NNDPRm,0.0,0.0
HMGCOASm,-0.020432993240105734,0.06696321318356906
PDE4,0.006505254724411196,0.0172395838453121
PAPSR,0.0,0.0
FACOAL80p,0.0,0.0
URIH,0.0,0.0
ACOAO4p,0.0005867542164206807,0.0006686907767060145
3IPM3MT,0.0,0.0
UDPGD,0.0,0.0
CYTDK2,0.0,0.0
ACACT4m,-0.002028755092164986,0.0021968455326740383
CHTNDA,0.0,0.0
FACOAL141,0.0,0.0
ACACT7p,4.575807676777705e-05,6.291653120835426e-05
POLYAO,0.0019003733492197123,0.0016234437235658847
MEVK1,0.03561894185211143,0.0020342893845352304
DATUP,0.0,0.0
TAUDO,0.0,0.0
CSp,0.0,0.0
PSERT,0.00016477048782954565,0.0002780671633841215
GK2,446663.2951365786,175042.86828884328
CYSt2r,-0.00014110752649507558,0.00015440597056009817
ATPS2v,0.0,0.0
SPHPLer,0.0,0.0
PLBPCe_RT,0.0,0.0
ALDD19xr,-407129.53004313353,115573.91753835655
GTHRDH_syn,0.0,0.0
NDPK7,-7563.782093693269,105245.04406618356
PPDOy,0.0,0.0
GLYCLTDy,0.17674070748436568,0.11777032025726507
DGK1,0.00762384277678067,0.011517366918524743
SLCBK2er,0.0,0.0
CERS126er,4.023109840192587e-12,2.888041501107528e-12
CSm,0.550570485271419,0.026403422103752416
MI145P6Kn,0.0,0.0
ADK3m,-289406.29325786314,240637.65856549027
DMATT,0.01181584651542519,0.0006780842519776501
PMPK,5.3761139415350604e-05,1.2954904636882845e-07
LGTHL,0.0,0.0
PUNP3m,0.0,0.0
PPNDH,0.0036727387446679723,8.85025516772672e-06
GLYTRS,0.01980710119938725,4.77294770835675e-05
HACD4p,-0.0005867542162420083,0.0006686907767104106
GAT2er_RT,0.0018708421786101923,0.0012581513888659135
DASYNer_RT,0.0014724048702578884,7.127439836154405e-05
ACOAD8m,0.008338252096895843,0.006376541996314935
ECOAH1p,0.0,0.0
KYN,0.022754815159030398,0.0009771913110528945
HSTPT,0.0028174031640438063,0.00022679912408399492
FACOAL141p,0.0,0.0
FE2t,-0.014844998878157998,0.02058801287484861
3MOPDC,0.0,0.0
PTE11x,0.0,0.0
GLUTRS,0.00805348043447208,1.940659594610287e-05
AICART,0.0076872979170242006,0.0002467768486875459
CYTD,1.584473278917286e-05,1.963288686752333e-05
42A12BOOX,0.0,0.0
DPGM,0.0,0.0
TPI,0.15125582200486576,0.028487293789929223
COAtim,4.557603177867256e-13,1.788721164630888e-12
NADS2,0.0,0.0
ACACT4p,0.0005867542162420083,0.0006686907767104106
HISTRS,0.0023606659114277,5.688533036067579e-06
PHETRSm,0.0,0.0
OMCDC,0.020967587774784843,0.006394807089268493
LEUTA,175670.44729562604,124287.4316692923
DTMPK,9.737211395903095e-05,2.3463908398316967e-07
ALCD23yi,0.0,0.0
FA140COAabcp,0.0005128966640057085,0.0006732617780018721
FACOAL160p,0.006290439319006053,0.009752884191276085
PGL,0.1216569871438663,0.061421208038668025
THRD_Lm,0.007862242475690211,0.004120733491464125
BGLA,0.0,0.0
TRPTRS,0.0008999684206938779,2.168667776220236e-06
AMETt2,0.0,0.0
SHSL1,0.0,0.0
AHSERL,0.0,0.0
ACtr,-0.0007660521965906427,0.0011502434806347542
LNS14DMrx,3.264036220519835e-05,4.915961634052287e-05
ACOAD10m,0.00033426284407840574,0.00027699019322375
TMDPP,0.0,0.0
INSTt2,0.0,0.0
IPC224PLCg_RT,0.0,0.0
DCTCP,0.0,0.0
TRPTRSm,0.0,0.0
HEX7,0.024493163466869687,0.017268924057373607
HICITDm,0.013602978715174286,0.008756930928115372
MALtm,0.04284231321111041,0.030018832557764302
AMID,0.0,0.0
MCITSm,0.0004221011460131778,0.00039258600250733727
GNNUC,0.0,0.0
PNTK,2.971720815522756e-05,7.160983054291654e-08
FAO80p,0.0005867542162420083,0.0006686907767104106
ADA,0.00029559353757012874,0.00029595983126817733
GLUDxi,185777.4369506681,92375.24741075606
URAt2,0.0,0.0
FA180COAabcp,4.3401839254188674e-05,6.300360561198858e-05
AMID2,0.0,0.0
ERGSTt,0.0,0.0
CSNATp,0.023732007735553104,0.13193165132308013
UDPG4E,0.0,0.0
CYOR_u9m,2.7348586966780983,0.03989098155687982
SHK3Dr,0.010048844628865856,0.0013182628048195053
SSALy,0.014178281442254699,0.011188488217674993
CYSDS,9.944409183941231e-05,0.00013669826642657556
RBK,0.011727558079170116,0.012226548526472541
MOHMT,3.0692555447446105e-05,1.4137246637737605e-06
IPC324PLCg_RT,0.0,0.0
GARFT,0.0048280110664509265,0.00011589299262144425
PYDAMK,0.0,0.0
HKYNH,0.0010998380119695197,0.0008888078715251699
DATCY,0.0,0.0
NNATn,0.0,0.0
METTRSm,0.0,0.0
SFGTHi,0.0,0.0
IPCS226g_RT,-1.0088300123467117e-12,1.2694696816623728e-12
ACP1e,0.0,0.0
FAO141p_even,0.0,0.0
FTHFLi,0.06065560706778576,0.0014606945037187577
ASAD,-0.041069186752334445,0.007791644766268013
ECOAH7p,-4.575807676777705e-05,6.291653120835426e-05
FACOAL140p,0.0005128966640057085,0.0006732617780018721
ECOAH9m,0.00033426284407840574,0.00027699019322375
HXPRT,0.008824221138024595,0.00686026090420769
H2Otm,-9.576862161698335,0.15210481782102392
C22STDSrx,0.0,0.0
NTRLASE2,0.0,0.0
DHAD2m,0.006455169317842199,0.00027646882891756115
ERGSTGLCT,0.0,0.0
FACOAL182,0.0023477046942057757,0.0013146011373332803
P5CR,0.000955609371731365,0.0008383541226539238
PSPHPLer,0.0,0.0
MI1PP,0.0,0.0
NAt3_1,279274.84419661365,194502.82604027298
NDPK10,0.0,0.0
BPNT2,0.0,0.0
RNDR3n,0.0,0.0
CPPPGO,2.6668303902374216e-05,6.426302300133653e-08
PTRCt3i,761518.044204655,83397.19555486382
NAPRT,1.4129035524709307e-06,1.1615721381047364e-06
MIP2C324PLCg_RT,0.0,0.0
ALCD2x,-712254.1499591679,107873.76171733238
PTE7x,0.0,0.0
NDPK3,756674.3829469634,97818.49056523593
FAO161p_odd,4.5137779432827275e-07,8.066069649627366e-07
LANOSTt,0.0,0.0
FACOAL120,0.0,0.0
ECOAH5m,-0.002028755092164986,0.0021968455326740383
SACCD4m,0.0,0.0
C4STMO2er,0.005880232035390885,0.0003390362365180234
URIDK2r,-559316.1130462723,110508.7524673678
NTPP9,0.0,0.0
CERS2p24er,0.0,0.0
ALPHNH,0.0,0.0
DURIPP,0.0,0.0
GLUDy,-518173.98452418967,132659.80476513968
HSERTA,0.004421514196517092,0.00023128325320370132
CITtam,600979.5293877746,100616.07725243532
PHETRS,0.0036727387446679723,8.85025516772672e-06
FMNAT,2.8983923122481786e-05,6.98432573892345e-08
TYRTRS,0.002406824075634969,5.799761075878728e-06
TYRTRSm,0.0,0.0
NTRLASE3,0.0,0.0
ILETRSm,0.0,0.0
ASPK,0.04106918675156848,0.007791644766906992
DIPS,0.0,0.0
UDPGALt2g,0.0,0.0
LALDO3,0.0,0.0
HSK,0.03616823068875013,0.007792459458463933
GTPt2m,0.039029208502657065,0.05489458956513732
PPCDC,2.971720815522758e-05,7.160983054291065e-08
ATPATF1,0.0,0.0
PRATPP,0.0028174031640438063,0.00022679912408399492
ASPTRS,0.007614398967761003,1.8348534567397693e-05
TYRt6,0.0,0.0
FAO161p_even,0.0,0.0
PSERDv_RT,0.0,0.0
IMPC,-0.0076872979170242006,0.0002467768486875459
DGTUP,0.0,0.0
PDE5,0.0,0.0
NDPK9,0.0,0.0
RNDR4n,0.0,0.0
SUCRe,0.0,0.0
TYRt7,0.0,0.0
RPE,0.21208132847211758,0.08201513977719058
HEX4,0.0,0.0
ILEt7,0.0,0.0
ADNUC,0.0,0.0
DHQTi,0.013950922956142529,0.002685785870941907
ORNt3m,0.013960981128057843,0.006552391849632516
LEUTAm,-175670.4599793392,124287.43137823608
ECOAH6m,-0.002028755092164986,0.0021968455326740383
NADH2_u9cm,0.008096271034210172,0.010756156539642115
OMCDCm,0.0,0.0
FA182COAabcp,0.0,0.0
CHLPCTD,1.530245976675871e-06,2.0305198086219553e-06
NDPK2,373517.8414993381,155428.62748391932
ACOAH,0.0,0.0
CERS2p26er,0.0,0.0
PYK,0.6658534996635374,0.02147184265794226
TRDRm,0.0,0.0
FAS180COA,0.007599078642826012,8.808312379890836e-05
PPCOAOm,0.010093397831878334,0.005263125505731956
GHMT2r,-0.04257990222366237,0.001307178362095799
ACACT5p,0.0005867542162420083,0.0006686907767104106
ALLTAHr,0.0,0.0
CERS324er,0.0,0.0
PGAMT,0.0,0.0
PMEVK,0.03561894185211143,0.0020342893845352304
FAS80COA_L,0.011358595644185308,0.0022705483278459043
DHFS,0.00015059293491964069,3.6288723984146543e-07
ACGKm,0.013960981128057843,0.006552391849632516
PGCD,0.02396980354062538,0.026395964663980063
PPBNGS,0.00010667321560949686,2.570520920053461e-07
PRMICI,0.0028174031640438063,0.00022679912408399492
PPNCL3,2.971720815522758e-05,7.160983054291065e-08
NNAMrm,0.0,0.0
PGM,-0.6904984314779805,0.020636313532299676
CYTK2,612486.5117474089,125179.32229453839
MIP2C224PLCg_RT,0.0,0.0
GTMLT,0.0,0.0
ASP1DC,0.0,0.0
ETHAPTer_RT,0.0,0.0
PGMT,-0.08858918749884777,0.018480000893543527
GTHRDabcv,0.0,0.0
DOLPMMer,0.03118149945468621,7.513853989395703e-05
DADK,0.0,0.0
DTTGY,0.0,0.0
ZYMSTt,-0.0053048818128630364,0.00035045183279913493
ADNCYC,7.178348892884423e-05,4.300056032109074e-06
URIt2,0.0,0.0
ASPCT,0.003968135639938466,9.56207444757495e-06
CYSTRS,0.0013225703421569795,3.187018140713219e-06
ARGt2r,0.0,0.0
ACITL,0.013761818990926895,0.010469418066594892
G12MT2g,0.0,0.0
PFK_2,0.0,0.0
ABUTD,0.0041430194143356625,0.00621768931910776
PEAMNO,0.0,0.0
ALDD2x,0.008174311128084876,0.008642860126068717
PDE1,0.0,0.0
IPCS224g_RT,-4.146905333200716e-13,1.0482417402308239e-12
ALKP,0.0,0.0
3HPCOAHYDm,0.010093397831878334,0.005263125505731956
ASNt6,0.0,0.0
DGTCY,0.008486332594991076,0.031365576847334896
ATPS,0.012773743249753675,0.015325882025115855
ACGAMPM,0.001196600239004635,2.883465927392293e-06
PHETA1,-0.0036727387446679723,8.85025516772672e-06
HEX10,0.0,0.0
16GS,0.0068432565939935235,1.649030090228874e-05
MCOATAm,1.1071302080540406e-12,1.4933549845231017e-12
NADS1n,0.0,0.0
AMPTASECG,0.00023994920619283957,0.0006379069944277555
THFGLUS,0.0,0.0
ADK1,0.6126509844546951,0.06644612147279882
BTDD_RR,-0.00013904313363039976,0.00019113207204393595
HMGCOAS,-0.035618941852111445,0.0020342893845352286
GTPCI,0.00015059293491964069,3.6288723984146543e-07
GMAND,0.0,0.0
MTHFDm,0.0,0.0
LEUTRS,0.012357922215715956,2.9779075658673016e-05
PMETMer_RT,0.0007116124249136759,7.130934130355865e-05
G3PD1ir,0.008834801302961224,0.010060027998108125
NNAM,0.0028055212737646156,0.003373154263371531
GLPT,0.0,0.0
DRBK,0.0,0.0
ADNt2,0.0,0.0
UREA2t2,-101083.1029976487,160904.95781514145
ASPTA,-0.09505429766207482,0.015828840134578026
MIPCS326g_RT,-5.406343362278893e-12,6.5917007601083235e-12
PRAMPC,0.0028174031640438063,0.00022679912408399492
ADSL1r,0.029776582336985657,0.01053961198576318
ARGN,0.0031413162260416115,0.007089976339058967
ICDHyp,0.0005265443424682829,0.0009640686704806508
TKT2,0.19388626608759668,0.030481643488666648
SAM24MTer,0.0002840355461458748,4.027821973784607e-05
BACCL,0.0,0.0
DUTUP,0.008394866659679957,0.011784289398064293
GTHOr,0.0014356372641737619,0.002422785700011436
MTHFD,-600597.5640997589,131169.51553685218
ATP2tp_H,0.03855014647703828,0.06624068961346531
GLUDC,0.00896630006793872,0.00909465975500431
METt2r,0.0,0.0
HBCO_nadp,0.0,0.0
VALTAm,-149449.5929300348,217827.04461874077
GTHRDt2,0.0,0.0
METSOXR1,0.0,0.0
PLDn_RT,0.0,0.0
NAPRTm,0.0,0.0
FACOAL260p,-6.068402626547632e-12,2.8835881162293853e-12
PYDXNK,0.011372737017467783,0.01617071540000868
ALCD2y,712254.1499591679,107873.76171733238
IG3PS,0.0028174031640438063,0.00022679912408399492
AGATer_RT,0.005960539900977042,0.0026207081514176027
DCTPD,559316.1136582502,110508.74942670231
CYTDt2,0.0,0.0
UPPRT,0.0,0.0
ECOAH12m,0.004204183537387376,0.004133215816373684
LCYSTCBOXL,0.0,0.0
DHAK,0.013776095462942464,0.01971779104405186
GRTT,0.011787242542308158,0.000678078157605264
ILETRS,0.006119777544056502,1.4746922157756478e-05
IPCS124g_RT,-5.30990247476879e-13,2.032119122106115e-12
ILETA,-315627.2741929535,216915.36642958902
UREASE,0.0,0.0
PTE9m,0.0,0.0
TYRTA,-0.003573949437380553,0.0010300934373310491
GLCP,0.028581578578038194,0.08065858700934654
PYRDC,0.0775334027754889,0.018789325436790637
PINOSer_RT,0.00018139077907548416,4.3710015644904504e-07
NNDPR,6.495321918225252e-05,1.565221361700257e-07
MIPC124PLCg_RT,0.0,0.0
PIt2m,3.5522483605914315,1.1409888940973116
PYDXO_1,0.0,0.0
RBFSa,0.00013438355164698692,3.238261159054277e-07
PMANM,-0.03118149943190776,7.513854089304974e-05
METTRS,0.0022017753077141237,5.305651899024547e-06
NADS1,0.002870454302369603,0.0033731458973551495
PSERDg_RT,0.0,0.0
GLYOX,0.0,0.0
D_LACDcm,0.0,0.0
ACOAO5p,0.0005867542162420083,0.0006686907767104106
DRTPPD,6.719177582349346e-05,1.6191305795271386e-07
ALASm,0.00021334643121899373,5.141041840106922e-07
ALCD24xi,0.0,0.0
NDP3g,-2.365411152540664e-11,9.609225025632566e-12
DAGPYPer_RT,0.024894648162846054,0.023778358656547642
SPMDt3i,789072.8362986004,81424.064979315
FACOAL100p,0.0,0.0
ACACT6m,-0.002028755092164986,0.0021968455326740383
3MOBDC,0.0,0.0
DAGKer_RT,0.019790532969615703,0.023699972023521167
MDHm,0.5601330210622528,0.027430578575161454
SERTRS,0.013001087605778379,3.132892121339928e-05
TALA,0.17187297374736743,0.027284807189280263
ALCD25xi,0.0,0.0
GAPD,0.6907447645419618,0.02062647527149343
OIVD3m,0.00033426284407840574,0.00027699019322375
APCPT,0.0,0.0
OCBTm,0.0,0.0
C5STDSer,0.0002539885751951848,2.555137843172757e-05
CITtcm,0.07074833097133207,0.012745125217636393
13GS,0.036953624201347596,8.904771787239158e-05
SHCHD2,0.0,0.0
GALKr,0.0,0.0
PTE9x,0.0,0.0
TMDPK,5.3761139415350604e-05,1.2954904636882845e-07
CERH126er,0.0,0.0
ACONTam,-0.5345456735227216,0.024166519984862484
DCTUP,0.0,0.0
MIPC324PLCg_RT,0.0,0.0
GLYCTO1p,0.00012184402235788675,0.00011138376970808991
FECOSTESTH_RT,0.002567577218784508,0.002633894838801699
HACD7p,-4.575807676777705e-05,6.291653120835426e-05
THRt2r,-0.0005627223733251836,0.0008457232256939927
ETF,0.009110227782576037,0.013832009229445566
NP1,0.002803109658289504,0.0033730128934565643
PTPATi,2.971720815522758e-05,7.160983054291065e-08
IGPS,0.02511308137651409,0.0011186314110920592
ALDD20x,0.0,0.0
LYSt6,0.0,0.0
METS,0.004810034890917574,0.00022027941467851083
CYSTL,0.0,0.0
PI35BP5Per_RT,0.0,0.0
NADK,3.0682062462472086e-05,7.393460338645072e-08
NTD2,0.008394866659679957,0.011784289398064293
TRDR,0.014798881617972829,0.00679718331758177
MIPCS226g_RT,-3.899820685335512e-12,4.907371968878118e-12
CDPDGPm_RT,6.94688090076326e-05,1.6740005991663225e-07
FA141COAabcp,0.0,0.0
HISTP,0.0028174031640438063,0.00022679912408399492
FACOAL161p,4.5137779432827275e-07,8.066069649627366e-07
GK1,-446663.28498389653,175042.8688506391
EPISTATer_RT,2.5294791627806363e-05,2.8290741001571984e-05
ACHLE2,0.0,0.0
ACACT6p,0.0005867542162420083,0.0006686907767104106
GMPS2,3.177234881202073e-05,3.5083957848838754e-05
ADCS,0.00015371144660848832,1.7719159565418239e-06
IMPD,0.002409822548611926,0.00011354430636520448
TRPTA,-323827.0893342833,125755.22978746892
COAHLp,0.0,0.0
LANOSTESTH_RT,0.0,0.0
ORNTACim,0.013960981128057843,0.006552391849632516
VALt2r,-0.00035964464364702,0.0005105815602390243
C24STRer,0.0002539885751951848,2.555137843172757e-05
ASNt7,0.0,0.0
YUMPS,0.0,0.0
PCDAGATer_RT,1.1364834673957685e-05,2.0094685240706008e-06
FA161COAabcp,4.5137779432827275e-07,8.066069649627366e-07
IPC226PLCg_RT,0.0,0.0
FAS140COA,0.011358595644185308,0.0022705483278459043
ACLSm,0.037042939026539726,0.007175861391018863
FAO141p_odd,0.0,0.0
G6PDH2r,0.1216569871438663,0.061421208038668025
PIN3Kn_RT,0.0,0.0
PSPHSer,0.00015460669752482008,3.7255799638704035e-07
PDHm,0.427982291814329,0.03773413316313797
NH4t,0.29619548156709297,0.022237353522800193
GLUCYS,0.0005365984274162922,0.0006380580692981953
ALATRS,0.02229076549654132,5.3714401225720536e-05
PPPGOm,1.3334151951187108e-05,3.2131511500668264e-08
DCMPDA,-559316.1138193302,110508.74942913692
GLNTRS,0.004550129802434367,1.0964517924474194e-05
AMPDA,0.014068310080284566,0.010347614996127462
OCBT,0.009377897355681633,0.007073697092681864
ACACT1r,0.035618941852111445,0.002034289384535229
ADEt2,0.0,0.0
TREH,0.0,0.0
GLUt2r,0.0,0.0
FECOSTt,0.0,0.0
BFFS,0.0,0.0
TRIGSer_RT,0.0031504407355133195,0.0026121091476564774
DDPAm,0.0,0.0
GBEZ,0.02032408844371027,0.07878213520639937
HPROb,0.0,0.0
TMPPP,5.3761139415350604e-05,1.2954904636882845e-07
TKT1,0.1879989908700826,0.02307472681389398
FBA,0.13153690275203647,0.022155265152287107
DB4PS,0.00013438355164698692,3.238261159054277e-07
ARGSS,0.008805152126823148,0.007090102422581575
DHQS,0.013950922956142529,0.002685785870941907
LEUt2r,-0.0002008174798731839,0.000994898024704821
PSCVT,0.010048844628865856,0.0013182628048195053
ABUTt2r,0.0,0.0
ECOAH6p,-0.0005867542162420083,0.0006686907767104106
CTPS1,0.005023409750917713,0.003477771666122555
LANOSTATer_RT,0.0,0.0
MIP2C226PLCg_RT,0.0,0.0
HACD5p,-0.0005867542162420083,0.0006686907767104106
ACGAM6PS,0.001196600239004635,2.883465927392293e-06
GTHS,0.0005365984274162922,0.0006380580692981953
GUACYC,0.006611200554600316,0.017238891729184254
GLUt7m,4.849281922919134,1.1733845463227206
PRASCSi,0.0048280110664509265,0.00011589299262144425
UTUP,0.0,0.0
PPND2,0.003820400774516208,0.0010469179899990522
PRAGSr,0.0048280110664509265,0.00011589299262144425
FAS120COA,0.011358595644185308,0.0022705483278459043
SERPTer,0.00015460671781605546,3.725570811898419e-07
G5SD,0.006633966290693296,0.001024717342712889
MTRI,0.030530253628995217,0.001142897600391283
CYSS,0.0,0.0
GLCS2,0.02361743665932423,0.025172832217927283
HISt2r,341241.68059488764,147562.55285556964
ATHRDHr,-0.011949969585996242,0.007963114394181412
DOLPMTcer,0.03118149945468621,7.513853989395703e-05
PEPAT,0.0,0.0
CYSTA,2.911378951586541e-05,3.731787774649905e-05
PROt2r,0.0,0.0
ACOAD9m,0.004204183537387376,0.004133215816373684
DROPPRx,6.719177582349346e-05,1.6191305795271386e-07
PDXPP,0.0,0.0
G12MT1g,0.0,0.0
PPAm,0.08949469533406038,0.016702967552366988
AIRCr,0.0048280110664509265,0.00011589299262144425
LEUTRSm,0.0,0.0
GLYK,0.002139660819462514,0.0024901279385584106
GTHOm,0.0,0.0
CSNATm,0.023732007735553104,0.13193165132308013
NTPP10,0.0,0.0
PUNP2,-0.008207227371380688,0.00679963203670889
HEMEOSm,2.6668303902374216e-05,6.426302300133653e-08
PIN4Kn_RT,0.0,0.0
ADSL2r,0.004828011066450925,0.00011589299262144425
NDPK5,458626.5450378476,137715.9183518898
ALAt2r,-287666.6211182992,196543.19446621335
FAO181p_even,0.0,0.0
CSNt2,0.0,0.0
GLYCDy,0.013776095462942464,0.01971779104405186
ATPS3m,8.21376438686936,0.1338894007756199
GLNt6,0.0,0.0
DHAD1m,0.037042939026539726,0.007175861391018863
HCYSMT,0.0,0.0
HCO3E,1.1181804005540044,0.20756463796693267
FKYNH,0.024006538273228826,0.0011085615878994382
UMPKn,138578.2006451364,214689.64614176107
FACOAL120p,0.0,0.0
MI1345PKn,0.0,0.0
PUNP5,0.00029559353757012874,0.00029595983126817733
ARGTRS,0.005660743089552492,1.364077988237611e-05
HSDxi,658247.8796094613,104859.5718345119
TYRTAip,0.0,0.0
GLYGS,0.03557232741073883,0.07962639057661497
FBA2,-0.006798345623356199,0.010139300653380534
ASNTRSm,0.0,0.0
H2Ot,-1.9201917585725563,0.2568720375224706
ASPt7,0.0,0.0
ADPRDP,0.0,0.0
PRFGS,0.0048280110664509265,0.00011589299262144425
AMAOTrm,9.331976676691964e-05,2.2487408048801372e-07
ILETAm,315627.2680705152,216915.36643112605
PSERSer_RT,0.00129100687492652,7.127845941314875e-05
NTRLASE,0.0,0.0
PHEt2r,0.0,0.0
UAGDP,338296.18497233145,129802.86569091024
ACACT9p,-6.068402626547632e-12,2.8835881162293853e-12
MIPCS324g_RT,0.0,0.0
AHSERL2,0.004421514196517092,0.00023128325320370132
ASNS1,0.0,0.0
EPISTESTH_RT,0.0,0.0
MTHFR2,0.002794159931924554,0.00053677796945064
AGTi,0.0005202975521656082,0.0006167315302857948
3DSPHRer,0.00015460671781605546,3.725570811898419e-07
PIN4Ker_RT,0.0,0.0
PYDXNO,-399632.80125619064,119603.61643845247
FRTT,0.0,0.0
PNTOt2,-9.642138971416929e-07,1.4153586802755886e-06
DPR,3.069255495955076e-05,1.4137247046057784e-06
SBTD_D2,0.014147692795932552,0.014376588275999016
SERD_L,0.00026920216969018103,0.0005000658016773237
FALDH2,0.0,0.0
LYSt2r,558105.0448317867,125721.70797344243
TRE6PP,0.0009020138911813202,2.173596777984481e-06
GLYCt2,513090.10345553886,94592.88673620376
ADMDC,0.030530253628509404,0.001142897600353302
NDPK8,474265.8069636684,190351.11190327813
TYRt2r,0.0,0.0
ALCD19y,315331.58992646437,111699.65791463092
MIPC226PLCg_RT,0.0,0.0
FRUt2,536450.8105754763,125130.22491847693
ALCD22xi,0.0,0.0
ADSS,0.029776582336985657,0.01053961198576318
HPRO_u9m,0.0,0.0
ARAB14LO,0.0,0.0
PETOHMer_RT,0.0007116124249136759,7.130934130355865e-05
GTHPi,0.0014356372641737619,0.002422785700011436
THMt2,0.0,0.0
UPP3MT,0.0,0.0
RPI,-0.25574039091291023,0.02300161842782028
MIP2C126PLCg_RT,0.0,0.0
LSERDHr,0.0,0.0
HETZK,0.0,0.0
UPP3S,2.6668303902374216e-05,6.426302300133653e-08
THIORDXm,0.0,0.0
GLCGSD,0.0,0.0
TMDS,9.737211395903095e-05,2.3463908398316967e-07
XYLTD_D,0.7132695553271949,0.0016731016801089377
VALTRS,0.010619774020562252,2.5590633159524014e-05
URIK1,0.0,0.0
ERGSTATer_RT,0.0036414397975971543,0.0044084510305195685
PYAM5PO,0.0,0.0
NADH2_u9m1,0.011612378616431157,0.06639698662621209
IPMD,0.020967587775683676,0.006394807089513456
IPC326PLCg_RT,0.0,0.0
CHTNS,0.0011966002351564598,2.88346603206411e-06
PTE2x,0.006290021247583875,0.009752915076350269
MIPCS224g_RT,-1.6030636480495771e-12,4.05217407467387e-12
MANt2,603388.0000237937,110066.66940844456
RNDR1,9.459334695945679e-05,2.27943412301664e-07
ACACT10m,0.00033426284407840574,0.00027699019322375
SADT,0.013543163254434488,0.018293239592411723
NTD4,0.03313525704769141,0.03821331325086498
LPPer_RT,0.0,0.0
MDRPD,0.030530253628995217,0.001142897600391283
CLPNSm_RT,6.94688090076326e-05,1.6740005991663225e-07
2DOXG6PP,0.0,0.0
THRA,0.017357970057082072,0.005598981296689917
FAS160COA,0.009353173872294151,0.0008453920312663186
AASAD1,0.006919904835666925,0.0003696575236521773
HACONTbm,0.013602978715174286,0.008756930928115372
UTCY,0.0,0.0
ADCL,0.00015371144660848832,1.7719159565418239e-06
MMSAD3m,0.010093397831878334,0.005263125505731956
GNK,0.0,0.0
THRA2,0.011949969585996242,0.007963114394181412
SQLErx,4.05634094649745e-05,4.794956775674031e-05
NDPK4,9.737211395903095e-05,2.3463908398316967e-07
PRAIS,0.0048280110664509265,0.00011589299262144425
ACSm,0.08898061553761255,0.016703073527466337
GND,0.1216569871438663,0.061421208038668025
SULR,0.00426602976453571,0.00020281326298738118
CHLt2,0.0,0.0
FAO182p_odd,0.0,0.0
CERS326er,2.365275220997039e-12,2.883869082547386e-12
PUNP1m,0.0,0.0
FACOAL181,0.007899197698664508,0.0044937654530251
AMID3,0.0,0.0
FMETTRSm,0.0,0.0
CATp,0.0019084032131068145,0.0020016155270692546
LEUt6,0.0,0.0
MI4PP,0.0,0.0
FADFMNtm,-1.8334984153596752e-13,2.855635882508811e-11
SBPP1er,0.0019097190215851126,0.0017314685781557545
ACHLE3,0.0,0.0
PDE2,0.0,0.0
GUAt2r,0.0,0.0
GLUt7,0.0,0.0
PUNP1,-0.02785731393583257,0.00155467468471226
EPISTt,0.0,0.0
ME2,0.0010019752310304155,0.0008458511929058313
SACCD1,0.006919904835666925,0.0003696575236521773
IPPMIb,-0.020967587775683676,0.006394807089513456
C8STIer,0.0002840355461458748,4.027821973784607e-05
IPC126PLCg_RT,0.0,0.0
PLBP1Ie_RT,0.0,0.0
APNPT,0.0,0.0
PGK,-0.6907447645419618,0.02062647527149343
CTPtm,0.00011226931411288936,2.7053709683197645e-07
ORNTArm,0.0,0.0
PUNP7,-0.006708075432823561,0.011482022639938106
ARGTRSm,0.0,0.0
ADNK1,0.030053904614274273,0.0016229093675439756
CYTK1,-709033.5053723075,108795.3862079826
FACOAL160,0.0037809476270746004,0.0021525186961047597
RNDR4,0.0002435139918683514,1.830441058432345e-05
MALT,0.0,0.0
ACS2,0.0,0.0
CTPS2,0.0,0.0
ORNt2r,0.0,0.0
ACONTbm,0.5345456735227216,0.024166519984862484
FAO182p_even,0.0,0.0
CYSTGL,0.002126374144225322,0.00023189866378074513
ECOAH4m,-0.002028755092164986,0.0021968455326740383
OPAH,0.0,0.0
THRD_L,0.0017571889020032544,0.001116920087776224
HISTRSm,0.0,0.0
PTE7m,0.0,0.0
PLBPC_RT,9.91115050910155e-05,0.00014256941274251545
LEUt7,0.0,0.0
ADHAPRer_RT,0.0018708421786101923,0.0012581513888659135
C22STDSer,0.0002539885751951848,2.555137843172757e-05
SACCD2,0.006919904835666925,0.0003696575236521773
ASPTAp,0.0,0.0
PFK_3,0.024223283463887184,0.011827185045615161
ILEt6,0.0,0.0
PROTRS,0.009104157576929728,2.193842885231126e-05
ACOAO8p,4.527476059114702e-05,6.298160707436918e-05
FBP,0.0013718485189267728,0.001499961808955993
NMNAT,5.161604861289063e-05,1.415449322634962e-06
TRPO2,0.024006538273228826,0.0011085615878994382
BPNT,0.0,0.0
IPCS126g_RT,-2.3787959365210685e-12,1.707649470244137e-12
ALCD26xi,0.00012340646277952098,0.00019930131851648162
SHCHF,0.0,0.0
PUNP4,0.0,0.0
ATPATF2,0.0,0.0
MTHFC,-0.047669210633184654,0.0013511834190361738
PI4P5Kn_RT,0.0,0.0
URIDK2rn,0.0,0.0
GALt2,179693.89548380653,89850.9745314876
UNK3,0.030530253628995217,0.001142897600391283
ORNDC,0.005073580743836439,0.006339997134989658
CHOLK,4.955575254550775e-05,7.128470637125773e-05
MIPC126PLCg_RT,0.0,0.0
IPPSm,0.018594909848010772,0.006660061532454934
VALTRSm,0.0,0.0
ALLTN,0.0,0.0
THIORDXni,0.0,0.0
NTPP11,0.0,0.0
ABTA,0.014178281442254699,0.011188488217674993
PYDXPP,0.011372737004278679,0.016170715400056403
SUCFUMtm,0.008766321621056807,0.009523785690750394
LCYSTintv,0.0,0.0
MTHFD2i,600597.5151965085,131169.51522189952
PTE10x,0.0,0.0
G3PIt,0.0,0.0
PPYRDC,0.0,0.0
ALR2,0.0,0.0
PC,0.11614255794363021,0.021153973445626157
D_LACt2,0.0,0.0
GLYCt,513090.1043665593,94592.88679077508
GLYt2r,0.0,0.0
ADSK,0.0,0.0
PPCK,0.0,0.0
TCHOLAabcv,0.0,0.0
SHKK,0.010048844628865856,0.0013182628048195053
LYSTRS,0.006651020961956275,1.602706773648751e-05
MGCHrm,0.008338252096895846,0.006376541996314935
TAGL_RT,0.002597898003002597,0.002617191004802807
FRDcm,0.05257181805233914,0.015378760544525132
HACD6p,-0.0005867542162420083,0.0006686907767104106
4HGLSDm,0.0,0.0
FA240tp,2.5987180212114713e-07,2.396774730563975e-07
MFAPSer_RT,0.0007116124249136759,7.130934130355865e-05
ALDD20y,0.0,0.0
PDX5POi,0.011318958379873319,0.01617072259283718
GUAPRT,0.0,0.0
GLU5K,0.006633966290693296,0.001024717342712889
MIPC224PLCg_RT,0.0,0.0
CHORM,0.007497184472929425,0.001046465863962338
FACOAL80,0.0,0.0
FACOAL161,0.008125451850285898,0.01066315574721057
CYSTAm,0.0,0.0
ILEt2r,0.0,0.0
UGLT,434302.49472972995,106976.28511179978
ITCY,0.0,0.0
GLNt2r,-74193.6324246882,165110.8052692992
ADD,0.00028683646777767516,0.00022147899887308713
DASYNm_RT,0.00013893761801526516,3.3480011983326693e-07
GF6PTA,0.001196600239004635,2.883465927392293e-06
DADA,0.008207227371380688,0.00679963203670889
NDPK1,-74919.53858351748,210912.19418806682
MIPC326PLCg_RT,0.0,0.0
FAO181p_odd,0.0,0.0
CERS224er,0.0,0.0
G3PT,4.120087215148328e-05,1.2246507795351015e-05
FA260tp,-6.068402626547632e-12,2.8835881162293853e-12
MIP2C124PLCg_RT,0.0,0.0
ENO,0.6904984314779805,0.020636313532299676
ACON3MT,0.0,0.0
HACD8p,-4.527476059114702e-05,6.298160707436918e-05
HEX1,0.005793753941731134,0.010560234147013615
MCPST,0.0,0.0
ASNt2r,-311062.094782039,189007.17376073776
AHCi,0.0025135757613325557,0.00022043848886451012
ADPT2,0.0,0.0
ACOTAim,0.013960981128057843,0.006552391849632516
IPCS324g_RT,0.0,0.0
ASNN,0.0,0.0
NNMT,0.0,0.0
ACACT1m,-0.0020872950220050942,0.06755275316253385
HACD10p,-6.068402626547632e-12,2.8835881162293853e-12
DHORTS,-0.003968135639938466,9.562074447574949e-06
ACACT8p,4.527476059114702e-05,6.298160707436918e-05
PFK,0.13319891502883474,0.022062691387305502
MAN1PT,0.03118149943190776,7.513854089304974e-05
IPC124PLCg_RT,0.0,0.0
PRDX,0.0,0.0
ACOAO6p,0.0005867542162420083,0.0006686907767104106
RNDR1n,0.0,0.0
KARA1im,0.037042939026539726,0.007175861391018863
SBTD_L,0.0,0.0
ALCD22yi,0.0,0.0
DNADDP,0.0,0.0
SUCOASm,-0.38639726489745996,0.029349771184855097
THRS,0.03616823068875013,0.007792459458463933
SBPP2er,0.0,0.0
UMPK,-336609.27223224135,209588.74036681972
PYDXK,0.0,0.0
ADPT,0.0008387373979423171,0.0006625788478917741
DNMPPA,0.00015059293491964069,3.6288723984146543e-07
MIP2C326PLCg_RT,0.0,0.0
ACOAO7p,4.5758076777156875e-05,6.291653120291688e-05
FECOSTATer_RT,0.002567577218784509,0.0026338948388016986
ACALDCD,0.00013904313363039976,0.00019113207204393595
AMETtm,0.00018663953491637042,4.497479669519485e-07
CERH124er,7.013403460216959e-13,1.7728261576698206e-12
PPA,0.6554623734749618,0.17548000145284107
OMPDC,0.003968135639938466,9.562074447574955e-06
LPCATer_RT,0.0011364834673957725,0.00020094685240706022
MI1456PKn,0.0,0.0
IPCS326g_RT,-1.398546723296128e-12,1.7051823906190143e-12
IPPS,0.0023870888829051976,0.0009599386133503504
XPPT,0.0,0.0
ECOAH4p,-0.0005867542162420083,0.0006686907767104106
RBFKm,0.0,0.0
NDPK6,-559316.0958009205,110508.75113255509
ICLp,0.07006309011521902,0.012738716884147573
NACt,0.0,0.0
FMNATm,1.8334984153596752e-13,2.855635882508811e-11
IMACTD,0.0,0.0
ECOAH1m,-0.010216693553275619,0.00887495299702854
FBA3,0.01642096143383831,0.01188218511106878
IPPMIa,-0.020967587775683676,0.006394807089513456
RNMK,5.161604861289063e-05,1.415449322634962e-06
SLFAT,-0.0015402343328422743,0.0196416828714624
GAT1er_RT,0.00391258566020282,0.0025146161394100234
THRTRS,0.008418461838241551,2.028609726090063e-05
HPYRRy,0.0,0.0
DHORDfum,0.003689739562288603,0.00023799710877637305
3HAO,0.0010998380119695197,0.0008888078715251699
MIPCS124g_RT,-2.052641897523247e-12,7.855535710144663e-12
NNAT,0.002870454302369603,0.0033731458973551495
TRPS1,0.02511308137651409,0.0011186314110920592
PTE2m,0.0,0.0
PI45BPPn_RT,0.0,0.0
FA160COAabcp,4.5931415511624435e-07,7.381399825471143e-07
CSND,0.0032430462041882456,0.00347735353646919
SERt2r,-558105.0455311125,125721.70804058597
MALTt2,264819.4425958644,143509.98216895293
DPCOAK,2.971720815522758e-05,7.160983054291065e-08
IPDDI,0.01181584651542519,0.0006780842519776501
HACD9m,0.00033426284407840574,0.00027699019322375
PI3P5Kn_RT,0.0,0.0
AMETt2m,8.567819777608037e-05,2.064600738971865e-07
GALT,-434302.49472972995,106976.28511179978
POLYAO3,3.069255495955076e-05,1.4137247046057784e-06
DUTCP,0.01469668659370036,0.02388080044227133
ALATA_Lm,-0.04984543661244177,0.005709671489849548
C3STDH2er,0.005880232035390885,0.0003390362365180234
PSERDm_RT,0.001155980919422271,8.15097882141956e-05
ACOAHim,0.007297608746109289,0.009625156076331666
GDPMANNtg,-2.365411152540664e-11,9.609225025632566e-12
RNDR3,1.9291958609114494e-05,1.8494624658270913e-05
SPRMt2i,0.0,0.0
EPGALURSe,0.0,0.0
HYPOE,0.0,0.0
PUNP3,0.0,0.0
CYTDK1,0.0,0.0
IGPDH,0.0028174031640438063,0.00022679912408399492
SPMDtex2,789072.8382340621,81424.0646923984
HMPK1,0.0,0.0
FACOAL240p,0.006757229465230021,0.010595664504833971
ACOAO9p,-6.068402626547632e-12,2.8835881162293853e-12
GLUTRSm,0.0,0.0
VALTA,149449.58189223552,217827.044557846
SO3ti,0.006142102806581079,0.006250996578845024
TRE6PS,0.0009020138911813202,2.1735967779844843e-06
GALUi,434302.63350137003,106976.2998463102
DPMVD,0.03561894185211144,0.0020342893845352312
CBPS,0.019960115402106328,0.017264448163405652
DTTUP,0.0,0.0
FACOAL100,0.0,0.0
GLUTCOADHm,0.007859472056517405,0.0086443921329851
ZYMSTESTH_RT,4.51377328078282e-05,8.066070135178413e-05
KYN3OX,0.0010998380119695197,0.0008888078715251699
URIK3,0.0,0.0
CYSTS,0.0021263741442253212,0.00023189866378074496
MAOX,0.0,0.0
NMNATm,0.0,0.0
ALCD24yi,0.0,0.0
FDH,0.0,0.0
NICRNS,0.002803109658289504,0.0033730128934565643
MTAP,0.030530253628995217,0.001142897600391283
ASPTAm,-0.007194777584787494,0.006105741888702406
CAT,0.00020713458326542604,0.00026247388645967806
SUCCtm,0.13160637807804115,0.02002996554251966
ORPT,-0.003968135639938466,9.562074447574949e-06
ATPATF3,0.0,0.0
CERS226er,4.317628774207575e-12,2.9380264582410313e-12
URIK2,0.003273531112659386,0.003481655425251072
ICDHxm,0.4618352944563947,0.025834095783937576
HPROa,0.0,0.0
ALLTNti,0.0,0.0
SLCBK1er,0.0019097190215851126,0.0017314685781557545
ACACT7m,-0.0007918248198108781,0.0008341419752884842
PFK26,0.0,0.0
DUTPDP,0.0,0.0
FAS100COA,0.011358595644185308,0.0022705483278459043
ECOAH8p,-4.527476059114702e-05,6.298160707436918e-05
DCYTD,0.0,0.0
OCOAT1m,0.009996307081423277,0.011308831254800448
G3PCt,0.0,0.0
GLNt7,0.0,0.0
ASPt2r,0.006742270521524379,0.007841029768674422
PGI,-0.20454758811011609,0.06743188454591265
GLYCLm,0.0,0.0
PIt2r,514818.89949889306,206799.38624610714
CHORS,0.010048844628865856,0.0013182628048195053
ANPRT,0.02511308137651409,0.0011186314110920592
GPDDA1,4.955575254550775e-05,7.128470637125773e-05
PTRCtex2,761518.044204655,83397.19555486382
ACGSm,0.0,0.0
ACS,0.2488690669907182,0.020104466366874813
GLUSx,0.035791134274896164,0.02407680562170187
DDPA,0.013950922956142529,0.002685785870941907
MAN6PI,-0.03118149943190776,7.513854089304974e-05
HACD1p,0.0,0.0
ACHLE1,0.0,0.0
PAL,0.0,0.0
HEMEASm,2.6668303902374216e-05,6.426302300133653e-08
PTE8x,0.0,0.0
RNDR2n,0.0,0.0
PTE12x,0.006757043618289195,0.010595681250198443
ACONT3m,0.0004221011460131778,0.00039258600250733727
ANS,0.0022285671941556324,0.0008898591985274943
ALLTTti,0.0,0.0
PDE3,0.0,0.0
POLYAO2,0.02775117753369971,0.0022769920610077256
ARMT,0.0,0.0
GTPCII,6.719177582349346e-05,1.6191305795271386e-07
PRPNCOAHYDm,0.010093397831878334,0.005263125505731956
SUCD2_u9m,0.5504270803883573,0.02773167219951795
GLUPRT,0.0048280110664509265,0.00011589299262144425
THIORDXi,0.002265713353450676,0.002575854578071391
MALSp,0.016664604981009124,0.010336317447799904
ALDD2y,0.0157351221693451,0.012546351376748347
HISTD,0.0028174031640438063,0.00022679912408399492
ASNNe,0.0068069319427397365,0.007845393057015851
PYDXS,0.00014638621267009882,3.527496659920578e-07
RBFSb,6.719177582349346e-05,1.6191305795271386e-07
KARA2im,0.006455169316738075,0.00027646882898398165
HMGCOAR,-0.035618941852111445,0.0020342893845352286
PTE11m,0.0,0.0
MI145PKn,0.0,0.0
FACOAL1831,0.00017939493303068845,9.566738024627613e-05
AP4AH,0.0,0.0
RNDR2,0.0001452283627485227,3.4995995991391515e-07
L_LACt2r,0.0,0.0
GUAD,0.0,0.0
INDPYRD,-323827.0893342833,125755.22978746892
4MOPDC,0.0,0.0
UDPACGLP,-338296.18377435696,129802.86569095148
LNSTLSr,0.005880232035390885,0.00033903623651802345
PI45BP5Per_RT,0.0,0.0
LCYSTATm,0.0,0.0
RBFK,2.898393086929557e-05,6.984302499855897e-08
ARGSL,0.008805152126823148,0.007090102422581575
FACOAL140,0.0,0.0
ZYMSTATer_RT,0.00016596536973854887,0.00010640517375843109
ALDD2ym,0.06980322406194123,0.011276948371001422
FUMm,0.539579325527457,0.024769650652758532
MIPCS126g_RT,-9.195679634725932e-12,6.6012377168172375e-12
CERS124er,1.6815640045110184e-12,3.3801380688859602e-12
UTPtm,0.0,0.0
PNP,0.0027517769163535955,0.00337316119331354
ECOAH5p,-0.0005867542162420083,0.0006686907767104106
HGNTOR,0.0002265148055461703,0.00013026712146644296
ALCD23xi,0.0,0.0
G5SADm,0.0,0.0
ME1m,0.0014277747201376454,0.0015975376299910491
FBP26,0.0,0.0
MI3PP,0.00018139077907548416,4.3710015644904504e-07
PRPPS,0.04698082345126239,0.00699758673287136
HSDy,658247.8347437815,104859.57089290804
NNATm,0.0,0.0
ECOAH11p,-6.068402626547632e-12,2.8835881162293853e-12
GLCt1,0.002896876970865567,0.005280117073506807
ECOAH7m,-0.0007918248198108781,0.0008341419752884842
ASNTRS,0.004166970726974455,1.004121359400047e-05
ADK4m,289406.393003117,240637.66213174502
TRPt2r,0.0,0.0
PPM,-0.03928927975937646,0.012210445199927932
ERGSTESTH_RT,0.0035549111395182832,0.004406512241822344
THIORDXp,0.0,0.0
MTHFR3,0.002144250518747798,0.0005016966340071637
PEPDt3,0.0,0.0
PTE10m,0.0,0.0
ORNTA,0.0005906628148452756,0.0004504156747176294
PUNP6,0.008207227371380688,0.00679963203670889
SO4ti,399765.75300979894,110984.55601110296
AGPRim,0.013960981128057843,0.006552391849632516
ALDD2xm,0.008057913369380422,0.006789662308059734
HMR_6515,2.911378951586541e-05,3.731787774649905e-05
GLNS,0.08042783506277457,0.02844195277122144
FA181COAabcp,0.0,0.0
PSERSm_RT,0.0,0.0
UPPDC1,2.6668303902374216e-05,6.426302300133653e-08
FTHFLmi,0.0,0.0
MCITL2m,0.0004221011460131778,0.00039258600250733727
PANTS,3.069255495955076e-05,1.4137247046057784e-06
FACOAL180,0.001974040582801969,0.0011233218320513022
HMBS,2.6668303902374216e-05,6.426302300133653e-08
ACCOAC,0.09296330228664815,0.014439652930791433
SQLEr,0.00582764120640893,0.00034351446707004215
HISt6,0.0,0.0
FUMAC,0.0002265148055461703,0.00013026712146644296
ACHBSm,0.006455169316738075,0.00027646882898398165
ATPPRT,0.0028174031640438063,0.00022679912408399492
METAT,0.03329373925870124,0.0012397050345919773
MM3,0.0,0.0
FACOAE1829Z12Z,0.0,0.0
METSOXR2,0.0,0.0
FACOAE100,0.0,0.0
PYNP2r,-0.0032430462041882456,0.00347735353646919
CHOLSH,0.0,0.0
I4FE4STm,1.1071302080540406e-12,1.4933549845231017e-12
NO3t,0.0,0.0
UACMAMO,0.0,0.0
FACOAE140,0.0,0.0
SDPTA,0.0,0.0
F6PP,0.001053476769249074,0.0007944431216120932
ORNCD,0.0017709511834379664,0.0010178567222613843
UDPDOLPT,0.0,0.0
GDPTPDP,0.0,0.0
ACOAR5m,0.0003398001785009299,0.00044439522994879144
XYLK,0.3739230705602665,0.08194247065071485
VNDH,0.0,0.0
AAMYLASE,0.0014484384854327834,0.0026400585367534037
APNn,0.0,0.0
UDPGDC,0.0,0.0
LIPOCTm,1.1071302080540406e-12,1.4933549845231017e-12
TGUAt,0.0,0.0
ADSHm,0.0,0.0
HACD3m,-0.002028755092164985,0.0021968455326740383
G12MT3,0.0,0.0
G6PP,0.0,0.0
NADHXD2,0.0,0.0
NA1tm,0.0,0.0
MANPGH,0.0,0.0
ULA4NFT,0.0,0.0
GLCNACT,0.0,0.0
LYSTRSm,0.0,0.0
ACPT1819Z1819Z,0.0,0.0
BTS,0.0,0.0
NARK,0.0,0.0
CYOO6m,1.3674293483390492,0.01994549077843991
2HESR,0.0,0.0
NTD6,0.0,0.0
3AMACHYD,0.0,0.0
ADNtm,0.0,0.0
MSAR,0.0,0.0
MALCOAMT,0.0,0.0
ACANTHAT,0.0,0.0
ALDD3y,0.0,0.0
GNP,0.0,0.0
MLTP2,0.0014484384854327834,0.0026400585367534037
SPMDtmr,0.0,0.0
CYANST,0.0,0.0
NTPP1,0.00762384277678067,0.011517366918524743
HPYRP,0.02388255737119004,0.026371818397778763
ACKrm,0.0,0.0
GGPTRCS,0.0,0.0
FACOAE180,0.0,0.0
BTP,0.0,0.0
INSH,0.0,0.0
BADP,0.0,0.0
DNAMTn2r,0.0,0.0
CHOLID,0.0,0.0
PYDXOR,-399632.7906224273,119603.61636204868
PPA2,0.0,0.0
UGLYCH,0.0,0.0
56DH5FLURAAMH,0.0,0.0
ASPTRSm,0.0,0.0
I2FE2SS2m,1.1071302080540406e-12,1.4933549845231017e-12
DKGLCNR1,0.0,0.0
34DHPHAMT,0.0,0.0
PGP1819Z160t,0.0,0.0
13BGHe,0.0,0.0
LCARSyi,0.0,0.0
TRE6PH,0.0,0.0
VNDH_3,0.0,0.0
ACACT1p,0.018065040523867502,0.06588336247221281
3HCINNMH,0.0,0.0
IMPDm,0.0,0.0
I2FE2SSm,0.0,0.0
DHPS2,0.00015059293491964069,3.6288723984146543e-07
UPPDC2,0.0,0.0
DHCURR,0.0,0.0
FACOAE161,0.007933218523679172,0.01067083637083234
HEMELm,0.0,0.0
FORA,0.0,0.0
ACACT5m,-0.002028755092164986,0.0021968455326740383
URATEtm,0.0,0.0
NTD11,0.0,0.0
GLYCK,0.02388255737119004,0.026371818397778763
LKDRA,0.0,0.0
LIPAMPLm,0.00011991088253367568,2.889511834340084e-07
GLCNACPT,0.0,0.0
THMPe,0.0,0.0
ACOAD5p,0.0,0.0
HACD4m,-0.002028755092164986,0.0021968455326740383
Cu1ATPase,0.0,0.0
ACOAD6p,0.0,0.0
FTHFD,0.0,0.0
FACOAE1836Z9Z12Z,0.0,0.0
GRXR,0.0,0.0
TDPDRR,0.0,0.0
MG3A,0.0,0.0
GOFUCR,0.0,0.0
GPDDA2,0.0,0.0
NTPP2,0.0,0.0
ACOXT,0.0,0.0
THRTRSm,0.0,0.0
PE1819Z1819Zt,0.0,0.0
PAIL1819Z160t,0.0,0.0
GDPDPK,0.0,0.0
PHDA,0.0,0.0
TM1601819Z,0.0,0.0
PNSPA,0.0,0.0
AMID_1,0.0,0.0
MOCOS,0.0,0.0
GDMANE,0.0,0.0
MDHp,-0.004985689683395316,0.004185062394635104
ACOAR6m,0.0003505080786496996,0.0003789561276926373
APSR,0.010490494603543959,0.006267599350174701
NTD1,0.0,0.0
6MPURPRT,0.0,0.0
NTD7,0.0,0.0
MN6PP,0.0,0.0
ETHAK,0.011529603213020038,0.018916959901127205
CMPA,0.0,0.0
NADHHS,0.0,0.0
MTHFCx,0.0,0.0
ACOAD7p,-1.4056736595750802e-14,1.2527438176066868e-13
BDMT,0.0,0.0
5DGLCNR,503109.1018873516,109738.67610049361
ACOAD2m,0.002126140486695549,0.0021980914654078235
MM1,0.0,0.0
ACOAD3p,0.0,0.0
MUCCY_kt,0.004476241667300599,0.0024015932898075547
FACOAE80,0.0,0.0
SDPDS,0.0,0.0
FACOAE181,0.0,0.0
ICYSDSm,9.331976790702874e-05,2.2487392049310722e-07
GLCATr,0.0,0.0
I2FE2SRm,9.331976676691964e-05,2.2487408048801372e-07
ACKr,-0.2187689492403449,0.018141390108367916
ECOAH2m,-0.002028755092164985,0.0021968455326740383
MAGAH160,0.0,0.0
PG1819Z160t,0.0,0.0
5AOPt2,0.0,0.0
6TINS5MPOR,0.0,0.0
BDHm,0.0,0.0
ACOAD1p,0.0,0.0
CYNTAH,0.0,0.0
ACOAR4m,0.00415451255786555,0.004940666540647553
A5PISO,0.0,0.0
COALDDH,0.0,0.0
5FLURAt,0.0,0.0
GLUN,0.0,0.0
GLYCLTDxm,-0.17678801352405876,0.11776684641732457
GPDDA3,0.0,0.0
R5PP,0.0,0.0
AMPTASEPG,0.0,0.0
HACD3p,0.0,0.0
AATHA,0.0,0.0
BWCOS,0.0,0.0
OAADC,0.010839595963124263,0.013426209575465616
NTRIR2x,0.0,0.0
DOLPMT,0.0,0.0
ACPT1601819Z,0.0,0.0
FOLR2_1,0.0,0.0
CYTDH,0.0032430462041882456,0.00347735353646919
SPMDAT1,0.0019003733492197123,0.0016234437235658847
GLYAT,0.011949969585996242,0.007963114394181412
SULO,0.0,0.0
DHFR,0.00024796504705604683,5.975263236444188e-07
H2CO3D,0.0,0.0
SO4t2,-399767.293160461,110984.38020040902
ORNTAC,0.0,0.0
PRAIi,0.02511308137651409,0.0011186314110920592
LIPATPTm,0.00011991088253367568,2.889511834340084e-07
G3PD_u9cm,0.007213847740863595,0.00999195969856301
UDPGALOR,0.0,0.0
G1PP,0.0,0.0
DSERDHr,0.0,0.0
FCLPA,0.0,0.0
HPYRRx,0.02388255737119004,0.026371818397778763
FT,0.0,0.0
CBPSm,0.0,0.0
HXAND,2.916871237048399e-05,2.3447516243694505e-05
ACOAR7m,0.00014421964239574398,0.00021547827938023402
ACPCS,0.0,0.0
MG3B,0.0,0.0
ACGS,0.00020668380297002965,0.00022826628343618246
ACACT3m,-0.002028755092164985,0.0021968455326740383
ANHMK,0.0,0.0
A1E,0.0,0.0
NADHXE,0.0,0.0
FORAMDx,0.0,0.0
MM2,0.0,0.0
MG1B,0.0,0.0
TM1819Z1819Z,0.0,0.0
CURR,0.0,0.0
MALTATr,0.0,0.0
E4PP,0.0,0.0
GUDBUTNAH,0.0,0.0
URATEt_1,-2.916871237048399e-05,2.3447516243694505e-05
MAGAH180,0.0,0.0
6MPURt,0.0,0.0
CHLSTI_1er,0.0,0.0
RU5PP,0.0008503794568096126,0.0009566038166996946
ARHGDx,0.0,0.0
MI13456PKn,0.0,0.0
PItn,0.0,0.0
NITR,0.0,0.0
OXOAEL,0.004476241667300599,0.0024015932898075547
5DKGR,503109.10188735573,109738.6761004933
FACOAE60,0.0,0.0
ACOAD4p,1.4056736595750802e-14,1.2527438176066868e-13
NAMNPP,0.0,0.0
GPDDA4,0.0,0.0
ECOAH2p,0.0,0.0
TRPS2,0.0,0.0
MLTP1,-0.011761886835166158,0.014412937264508227
URO,0.0,0.0
SERDC,0.0,0.0
FE2GTPabc,0.014679577352197212,0.020588028569316092
DOLASNT,0.0,0.0
10FTHFGLULLm,0.0,0.0
FE3t,0.00023808504598226983,5.737172053476562e-07
NTD10,0.0,0.0
UA4E,0.0,0.0
4HBHYOXp,0.0005265443422829139,0.0009640686704498498
SULOm,0.0,0.0
MAGAH1819Z,0.0,0.0
HACD6m,-0.002028755092164986,0.0021968455326740383
PE1801829Z12Zt,0.0,0.0
LIPOSm,1.1071302080540406e-12,1.4933549845231017e-12
NADPHXD2,0.00024775690314317756,0.00026851722406171056
G12MT4,0.0,0.0
H2Otp,0.035864282717660706,0.017128464308751683
DHORD_u9m,0.0002801428998879523,0.00023735952404304583
6TXAN5MPAML,0.0,0.0
ARSO4SH,0.0,0.0
AGPR,0.0,0.0
GMPS,0.0023735828027186875,0.0001170312325873474
G16MT,0.0,0.0
NTD12,0.0,0.0
HACD2p,0.0,0.0
BUPN,0.0,0.0
TGUAPRT,0.0,0.0
FACOAE120,0.0,0.0
FACOAE160,0.0,0.0
AFLBURPPAAMH,0.0,0.0
ACDO,0.030530253628995217,0.001142897600391283
I4FE4SRm,1.1071302080540406e-12,1.4933549845231017e-12
ACOAR2m,6.85200350114483e-05,0.00010520531945858058
HCYSMT2,0.0,0.0
F1PP,0.006798345623356199,0.010139300653380534
CHOLD,0.0,0.0
SPODM,0.0,0.0
NH4tp,0.0,0.0
PE1819Z1829Z12Zt,0.0,0.0
ACPS1,0.0,0.0
ECOAH3m,-0.002028755092164985,0.0021968455326740383
GLYTLm,0.0,0.0
PMI12346PSn,0.0,0.0
MG1A,0.0,0.0
BMOCOS,0.0,0.0
SERASr,0.0,0.0
SPMDAT2,0.0,0.0
NTD3,0.0,0.0
PE1801819Zt,0.0,0.0
NTD9,0.0,0.0
TEGAt,0.0,0.0
NTPP7,0.0,0.0
GAPP,0.02438347233290597,0.02201416350245639
ACACT3p,0.0,0.0
G12MT2,0.0,0.0
NTD8,0.0,0.0
ACOAD2p,0.0,0.0
OCTNLLm,0.0,0.0
MG2B,0.0,0.0
ACACT2m,-0.002028755092164985,0.0021968455326740383
NADPHXE,0.00024775690314317756,0.00026851722406171056
G2PP,0.0,0.0
ALCD19,-315331.5705418387,111699.65910981738
HACD7m,-0.0007918248198108781,0.0008341419752884842
CATDOX,0.0,0.0
BTS5m,9.331976676691964e-05,2.2487408048801372e-07
HCO3Em,0.008338252096895846,0.006376541996314935
BTS_nadph,0.0,0.0
ECOAH3p,0.0,0.0
NADHHR,0.0,0.0
G12MT1,0.0,0.0
PPGPPDP,0.0,0.0
I2FE2STm,9.331976619686463e-05,2.2487416050034499e-07
ACOAR3m,0.0032416593801212626,0.003774360841805857
NADPHHS,0.0,0.0
APPTm,0.0,0.0
ASNS2,0.011926502540060214,0.007968646663336385
FPGFTm,0.0,0.0
G13MT,0.0,0.0
2DDARAA,0.0,0.0
E4PD,0.0,0.0
NTPP8,0.0,0.0
FTHFDH,0.00023060340268668902,0.0003202294905160321
3HPPPNH,0.0,0.0
XAND,2.916871237048399e-05,2.3447516243694505e-05
MG2A,0.0,0.0
AHGDxm,0.0,0.0
MTHFR2m,0.0,0.0
GPDDA5,0.0,0.0
ACACT2p,0.0,0.0
NTD5,0.0,0.0
MTHFR3m,0.0,0.0
HADPCOADH3,0.0,0.0
NADPHHR,0.00024775690314317756,0.00026851722406171056
UPLA4FNT,0.0,0.0
UDPGLDC,0.0,0.0
XTSNH,0.006708075432823561,0.011482022639938106
VNDH_2,0.0,0.0
GCPNn,0.0,0.0
HACD2m,-0.002028755092164985,0.0021968455326740383
MPTSS,0.0,0.0
FACOAE141,0.0,0.0
HACD5m,-0.002028755092164986,0.0021968455326740383
WCOS,0.0,0.0
ALAR,0.0,0.0
CLPNDCRNt,0.0,0.0
UDPGP,0.00845056630905611,0.012674442825724575
HSD17B42x,0.0,0.0
CSNAT2m,-0.000851491249568693,0.0007018059489070103
GALt1r,-179693.89548380653,89850.9745314876
MM8Ber,0.0,0.0
HMGLm,0.03008682745000258,0.06620912461653534
BACCLm,0.0,0.0
FADDP,0.0,0.0
MANt1r,-603388.0000237937,110066.66940844456
NBAHH_ir,0.0,0.0
GDPFUCtg,0.0,0.0
3HXKYNDCL,0.0,0.0
HMGCOARr,0.0,0.0
AGTim,0.04993877133780131,0.005709702463782133
MELATN23DOX,0.0,0.0
ACOAD1m,0.002028755092164985,0.0021968455326740383
CLPNDCPT1,0.0,0.0
ESTRONEGLCt,0.0,0.0
SPRMS,0.027781930509585957,0.002277071003481399
DOLPGT3_Uer,0.0,0.0
FPGS,0.0,0.0
MIP2CS326g_RT,-5.406343362278893e-12,6.5917007601083235e-12
VLCS2p,0.0,0.0
KATPase,0.010316204576879297,0.014027446316576639
MIP2CS324g_RT,0.0,0.0
CRNtim,0.02558497076187193,0.13181086087235608
SRTN23OX,0.0,0.0
UDPGALtg,0.0,0.0
HPDCACRNCPT1,0.0006868222684060963,0.000701819947519003
NMPTRCOX,0.0,0.0
C181CPT2,0.0,0.0
FPGS2,0.0,0.0
AMACR2p,0.0,0.0
UMPK4,-74919.7190972548,210912.19997510195
DOLPGT1_Ler,0.0,0.0
5HLTDL,0.0,0.0
AGMTm,0.0,0.0
XANDp,0.0,0.0
AACTOOR,0.0,0.0
AMACRr,0.0,0.0
UMPK7n,-25165.81621905089,159264.2708301667
CHOLD2m,0.0,0.0
ARABR,0.0,0.0
HIBDm,0.004204183537387376,0.004133215816373684
FAOXC2452253x,0.0,0.0
Kt3g,0.0,0.0
LNLNCGCRNt,0.0,0.0
TTDCPT2,0.0009544576912876312,0.002103183371390053
LNLNCGCPT2,0.0,0.0
MIP2CS224g_RT,4.146905333200716e-13,1.0482417402308239e-12
FACOAL244_1,0.0,0.0
CYTK8n,-278469.4913866276,115664.5193896461
P5CRx,0.00624055497844298,0.001300696238247993
MLTG1,0.0014484384854327834,0.0026400585367534037
3SALATAi,0.0,0.0
DPGase,0.0,0.0
2OXOADOXm,0.007859472056517405,0.0086443921329851
DCSPTN1CPT1,0.0,0.0
UREAtm,0.0,0.0
CLOXAtex2,0.04286807392767549,0.031600423716683916
GFUCS,0.0,0.0
FPGS8m,0.0,0.0
ESTRADIOLGLCt2,0.0,0.0
DCSPTN1CPT2,0.0,0.0
ESTRIOLGLCte,0.0,0.0
GTMLTe,0.0004625264187443429,0.0006380645961171491
ACHEe,0.0,0.0
SCPx,0.0,0.0
HEXCCPT1,0.0,0.0
UDPDOLPT_L,0.0,0.0
GCHOLAt3,0.0,0.0
NRVNCCRNt,0.0,0.0
CYTK10,155020.72930935226,152504.43938044357
FACOAL2252,0.0,0.0
EHGLAT2m,0.0,0.0
TETTET6CPT2,0.0,0.0
HPDCACRNCPT2,0.0006868222684060963,0.000701819947519003
NMNATn,0.0,0.0
ENGASE,0.0,0.0
CYTK12n,369429.22896586324,178570.67440028244
FAOXC2452256x,0.0,0.0
MG1er,0.0,0.0
CPK1,647297.9433299864,142407.70737609602
SCP22x,0.0,0.0
LCADi_D,0.0,0.0
ACOX2x,0.0,0.0
DCSPTN1CRNt,0.0,0.0
C161CPT2,0.0,0.0
Na1ATPase,0.0006398766783631115,0.0005552040339117434
SPMS,0.0026039742130154224,0.0019018159595126012
XYLt,0.7139799126766881,0.001605575284555535
A_MANASE,0.0,0.0
MALTt1r,-264819.4460074525,143509.98162638926
PTHPS,0.0,0.0
C160CPT2,0.0007918248198108781,0.0008341419752884842
DOLPGT2_Ler,0.0,0.0
FPGS4m,0.0,0.0
THBPT4ACAMDASE,0.0,0.0
ALR3,0.0,0.0
FPGS9,0.0,0.0
CYTK10n,503692.84996604366,159598.13238968645
TYRCBOX,0.0,0.0
SO4OXAtex2,0.13612884553324187,0.054984452066688956
UMPK5n,150390.91609753558,193751.9629520314
VLCSr,0.0,0.0
DUTPDPm,0.0,0.0
PHYCBOXL,0.0,0.0
C14STRr,0.005880232035390885,0.0003390362365180234
FRUt1r,-536450.8111238822,125130.22495020762
SACCD3m,0.0,0.0
ACP1_FMN,0.0,0.0
TSTSTERONEGLCte,0.0,0.0
UDPGLCtg,2.365411152540664e-11,9.609225025632566e-12
EHGLATm,0.0,0.0
DESAT1836Z9Z12Zer,0.0008264990593669913,2.0660734638816114e-06
TETTET6CRNt,0.0,0.0
PTRCOX1,0.0041430194143356625,0.00621768931910776
FACOAL260,6.068402626547632e-12,2.8835881162293853e-12
FACOAL150,0.0,0.0
CLOHtex2,0.0,0.0
CLHCOtex,0.024656000119685606,0.04090414870855318
ETHP,0.011529603213020038,0.018916959901127205
SALMCOM2,0.0,0.0
CYTK5n,20658.429328067723,141714.3314016969
MI145PPn,0.0,0.0
MIP2CS126g_RT,2.3787959365210685e-12,1.707649470244137e-12
FACOAL240,0.00016650240462843922,9.37877027991601e-05
UMPK5,161118.58076201315,120893.77639435588
BILGLCURte,0.0,0.0
FACOAL191,0.0,0.0
SO4CLtex2,0.45177105525516054,0.27741590622774265
DOLPMT1_Ler,0.0,0.0
SCP3x,0.0,0.0
UMPK3,-66474.49692388199,87791.63191366768
MAN1_6B1er,0.0,0.0
SERLYSNaex,558105.0453285696,125721.70797515102
CHLP,0.0,0.0
TTDCRNt,0.0009544576912876312,0.002103183371390053
MMSAD1m,0.004204183537387376,0.004133215816373684
AKGDm,0.40071481342539633,0.028688822957015154
CYTK13n,113063.21973729313,147573.53777727208
PTDCACRNt,0.0,0.0
UMPK4n,-58931.76791948191,146817.5526832138
SR5ARr,0.0,0.0
FACOAL200,0.0,0.0
NRVNCCPT2,0.0,0.0
ABTArm,0.0004500278846111842,0.0005870893616302464
FACOAL241,0.0,0.0
ADPMAN,0.0,0.0
NRVNCCPT1,0.0,0.0
UMPK6n,-269613.23880210845,154330.67213328122
FPGS6m,0.0,0.0
ASNtN1,311062.08810919966,189007.17398263406
LCYSTAT,0.0,0.0
CHOLATEt3,0.0,0.0
AATA,0.006919904835666925,0.0003696575236521773
LNLNCGCPT1,0.0,0.0
DABT2D,0.3387166754147384,0.08185867255916703
GAMt1r,0.0,0.0
CPCTDTX,0.0,0.0
C161CPT12,0.0,0.0
FPGS6,0.0,0.0
C161CRN2t,0.0,0.0
H2O2syn,74090.7279001151,51257.226829492094
13DAMPPOX,0.0,0.0
CAMPt,0.0,0.0
KYNAKGAT,0.0,0.0
CYTK7,-105675.90276220144,96473.88879140496
XAOx,0.0,0.0
PAPStg,0.0,0.0
GLYATm,0.0,0.0
AMY2e,0.0,0.0
NDP7g,2.365411152540664e-11,9.609225025632566e-12
FACOAL206,0.0,0.0
BAMPPALDOX,3.069255495955076e-05,1.4137247046057784e-06
SQLSr,0.005880232035390885,0.00033903623651802345
PROSTGE2t3,0.0,0.0
HSD17B4x,0.0,0.0
CYTK14,552286.3116350507,147468.03972474128
PRODt2r,0.0,0.0
3AIBTm,0.0,0.0
APAT2rm,0.0,0.0
GCALDD,0.00015059293491964069,3.6288723984146543e-07
DHPM1,0.0,0.0
UGALNACtg,0.0,0.0
P45017A1r,0.0,0.0
NADH2_u9m2,2.135163182992695,0.07226407621116762
PTHPSn,0.0,0.0
ELAIDCRNt,0.0,0.0
GLXO2p,0.0,0.0
UAG4Ei,338296.18497233145,129802.86569091024
FACOAL40im,0.0,0.0
LTC4Sr,0.0,0.0
PTDCACRNCPT1,0.0,0.0
SERCA,0.0,0.0
XAO2x,0.0,0.0
CYTK11n,-509592.067419005,188214.33900055115
HEXCCRNt,0.0,0.0
UMPK6,-35886.21170834254,173287.27607786263
DADAe,0.0,0.0
AMACR2r,0.0,0.0
LTA4H,0.0,0.0
G13MT_L,0.0,0.0
CYTK2n,97119.03822090577,112119.90264381302
GLCNACPT_L,0.0,0.0
C161CPT22,0.0,0.0
FAOXC241181x,0.0,0.0
FPGS2m,0.0,0.0
DESAT1619Zer,3.282795881031136e-06,1.1842445052404597e-06
CGMPt,0.0,0.0
CLFORtex2,0.00026423400636555773,0.00037620393371780466
DOLPGT3_Ler,0.0,0.0
FPGS7,0.0,0.0
UMPK3n,156276.83011484146,203062.49236726016
C161CPT1,0.0,0.0
ADPGLC,0.0,0.0
CSNATer,0.0,0.0
C181CPT1,0.0,0.0
FPGS8,0.0,0.0
FACOAL1813,0.0,0.0
GLCtg,0.0,0.0
C3STDH1r,0.005731892341980693,0.0003528850805251633
CYTK12,-502710.5434335831,161991.40598856536
M14NTg,0.0,0.0
FPGS5,0.0,0.0
SERHL,0.0,0.0
CAT2p,0.0,0.0
HISTASE,0.0,0.0
DOLPGT2_Uer,0.0,0.0
VLCSp,0.0,0.0
TETTET6CPT1,0.0,0.0
HEXCCPT2,0.0,0.0
SELADT,0.0,0.0
LTDCL,323827.0894248485,125755.2297835361
P45017A3r,0.0,0.0
CYTK14n,69383.01643472588,183292.31736485404
FPGS9m,0.0,0.0
SPODMm,0.0,0.0
FAOXC2442246x,0.0,0.0
HISDC,8.009245420048245e-05,0.00010030285230339046
FAOXC200180x,1.2649934999478752e-06,1.439110628434638e-06
HMGLx,0.0,0.0
DOLPMT3_Uer,0.0,0.0
ACOX22x,0.0,0.0
FPGS7m,0.0,0.0
NAt3_1g,0.0,0.0
DALAt2r,0.0,0.0
BDMT_U,0.0,0.0
ALAtN1,287666.6193797778,196543.19440602866
CYTK13,-161886.60111562704,204226.30544197207
FPGS3,0.0,0.0
HPDCACRNt,0.0006868222684060963,0.000701819947519003
UMPK7,109681.29710607478,158236.2950322113
CYTK6n,306238.9987034022,180368.8517837596
34DHPLACOX_NADP,-149455.1690098623,88039.39187727365
UDPGLDCg,0.0,0.0
LALDO2,0.0,0.0
5ADTSTSTERONEGLCte,0.0,0.0
AACOATx,0.018065040523867502,0.06588336247221281
SCP21x,0.0,0.0
3SALAASPm,0.0,0.0
PTRCAT1,0.0,0.0
MIP2CS124g_RT,5.30990247476879e-13,2.032119122106115e-12
C160CRNt,0.0007918248198108781,0.0008341419752884842
ENGASE2,0.0,0.0
34DHALDD,149455.1690098623,88039.39187727365
DESAT1819Zer,0.006678892722186757,5.1879875969641e-05
BDMT_L,0.0,0.0
MAN1_7Ber,0.0,0.0
C181CRNt,0.0,0.0
VLCS2r,0.0,0.0
BILDGLCURte,0.0,0.0
CSNAT2x,0.0,0.0
FACOAL2251,0.0,0.0
GLCNACPT_U,0.0,0.0
CGLYt3_2,0.00023994920619283957,0.0006379069944277555
UMPK2,254722.79842241236,206632.86433154854
ACRNtm,0.023732007735553104,0.13193165132308013
CYTK3n,-191237.9910119078,142214.25628310145
CHTNASEe,0.0,0.0
ALDD21er,0.0,0.0
CHTNASE,0.0,0.0
ELAIDCPT1,0.0,0.0
OIVD1m,0.008338252096895843,0.006376541996314935
DOLPMT1_Uer,0.0,0.0
OXAHCOtex,0.19060752158870048,0.06306277930975093
CYTK9n,-61789.1786195099,177862.4500012071
MACOXO,0.0,0.0
CYTK2_1,-157881.5577878228,216712.775200452
CYTK1n,-230932.8655483225,173140.4334462261
C3STDH1Pr,0.00012384042763001138,0.0006720334343179382
CLPNDCPT2,0.0,0.0
C161CRNt,0.0,0.0
BTNPLm,0.0,0.0
UDPDOLPT_U,0.0,0.0
PROD_u9m,0.0,0.0
LNS14DMr,0.00583714296803905,0.0003332236987138862
5HTRPDOX,0.0,0.0
GTPCIn,0.0,0.0
GLNtN1,74193.63209251239,165110.80529922943
SCP2x,0.0,0.0
TTDCPT1,0.0009544576912876312,0.002103183371390053
CYTK11,221934.51543769243,165652.02467414236
BTNPL,0.0,0.0
SO4HCOtex,0.12592887204850298,0.07474331759528692
FPGS4,0.0,0.0
5HXKYNDCL,0.0,0.0
G13MT_U,0.0,0.0
LSTO1r,0.0,0.0
FACOAL170,1.982230101820312e-06,2.851388254850309e-06
P45017A4r,0.0,0.0
ADSELK,0.0,0.0
3SALATAim,0.0,0.0
FPGSm,0.0,0.0
PTDCACRNCPT2,0.0,0.0
CSNAT3x,0.0,0.0
NDP8,0.015434955409848412,0.025833927362531154
FPGS3m,0.0,0.0
AHANDROSTANGLCte,0.0,0.0
GLYKm,6.94688090076326e-05,1.6740005991663225e-07
CYTK4n,23284.66058870057,156585.02696123868
HACD1m,-0.010216693553275619,0.00887495299702854
UMPK2n,-81084.13129262408,208743.16873000778
DUTPDPn,0.0,0.0
CATm,0.0,0.0
ADAe,0.0,0.0
ATPtm,8.446423318168437,0.14592385296474228
ACCOAtr,0.0,0.0
MI1345PPn,0.0,0.0
C4STMO1r,0.005880232035390885,0.0003390362365180234
DASPO1p,0.0,0.0
HIStN1,-341241.6808286515,147562.5528242361
MHISOR,0.0,0.0
ALDD19x_P,407129.53004313353,115573.91753835655
CYTK8,43945.436713788426,197400.46570013682
AMACRp,0.0,0.0
SBTR,0.014147692795932552,0.014376588275999016
TCHOLAt3,0.0,0.0
MCCCrm,0.008338252096895846,0.006376541996314935
ELAIDCPT2,0.0,0.0
PCLAD,0.0010347423150280505,0.0008888085980047653
LCADi,0.0,0.0
DOLPMT3_Ler,0.0,0.0
CYSTSERex,0.0,0.0
CYTK7n,-235803.7608252112,184916.91546251756
3HLYTCL,0.0,0.0
ACCOAgt,0.0,0.0
LFORKYNHYD,0.0,0.0
GALOR,0.0,0.0
ANDRSTRNGLCte,0.0,0.0
SR5AR2r,0.0,0.0
FPGS5m,0.0,0.0
OIVD2m,0.004204183537387376,0.004133215816373684
SALMCOM,0.0,0.0
TRYPTAOX,323827.0894248485,125755.2297835361
2OXOADPTm,-0.005938979041922126,0.0009806956612535224
4HOXPACDOX_NADP,0.0,0.0
C160CPT1,0.0007918248198108781,0.0008341419752884842
MIP2CS226g_RT,1.0088300123467117e-12,1.2694696816623728e-12
CYTK9,-43600.127024991554,167876.85656447255
PROSTGE1t3,0.0,0.0
3HKYNAKGAT,0.0,0.0
AMY1e,0.0,0.0
DOLPGT1_Uer,0.0,0.0
CLHCO3tex2,0.1619629587914732,0.1363857537814296
DHAAt1r,0.0,0.0
P45017A2r,0.0,0.0
ARHGDxm,-0.0004500278846111842,0.0005870893616302464
S3HBTRHDm,0.0,0.0
GHBTRHDm,-0.0004500278846111842,0.0005870893616302464
FALGTHLs,0.0,0.0
3HBCOAHLm,0.004204183537387376,0.004133215816373684
L_LACDcm,0.0,0.0
GLYCLTDyp,0.0,0.0
GLYOp,0.0,0.0
TYROXDAc,0.0,0.0
SUCCtp,-0.07006309011521902,0.012738716884147573
ICITtp,0.07074833097133207,0.012745125217636393
CCP2_m,0.0,0.0
FRDPtm,2.6668303902374216e-05,6.426302300133653e-08
IPDPtm,0.00019991579481085602,4.817401724266281e-07
GRDPtm,2.855939925869379e-05,6.88200246323719e-08
NPDPS_m,2.855939925869379e-05,6.88200246323719e-08
HBZNPT_m,2.5533437580945336e-05,1.7840945076205423e-06
3NPHBH2_m,2.553343758094534e-05,1.7840945076205421e-06
DHNPBMT_m,2.8559399258693525e-05,6.882002463238198e-08
NPHMBDC_m,2.8559399258693525e-05,6.882002463238198e-08
COQ6_m,2.8559399258693525e-05,6.882002463238198e-08
COQ5_m,2.8559399258693525e-05,6.882002463238198e-08
COQ7_m,2.8559399258693525e-05,6.882002463238198e-08
COQ3_m,2.8559399258693525e-05,6.882002463238198e-08
ETFQO_m,0.009110227782576037,0.013832009229445566
G5SADs,0.007333520806619448,0.0010197466488494282
G5SADrm,0.0,0.0
PHCHGSm,0.0,0.0
PItx,0.0,0.0
PIt9,-514818.68719347793,206799.47827383687
PMCA,0.0,0.0
MI3PS,0.00018139077907548416,4.3710015644904504e-07
ACRS,0.030530253628995217,0.001142897600391283
2OH3K5MPPISO,0.030530253628995217,0.001142897600391283
AOXSp,0.0,0.0
DBTSm,9.331976676691964e-05,2.2487408048801372e-07
FTHFCLm,0.0,0.0
HTMLA_m,0.0,0.0
TMLOX_m,0.0,0.0
TMABDH1_m,0.0,0.0
GBBOX_m,0.0,0.0
OBDHm,0.005191487024053776,0.004220909753878903
GRXRm,0.0,0.0
DHAOX_c,0.0,0.0
NDPK10m,0.0,0.0
NDPK1m,-289406.3321984327,240637.65643728184
NDPK2m,0.0,0.0
NDPK3m,0.0,0.0
NDPK4m,0.0,0.0
NDPK5m,0.0,0.0
NDPK6m,0.0,0.0
NDPK7m,0.0,0.0
NDPK8m,0.0,0.0
NDPK9m,289406.3930031158,240637.66213174546
DNTPPA,0.00015059293491964069,3.6288723984146543e-07
3SALACBOXL,0.0,0.0
ACOAD3m,0.005535812973553932,0.004257726761594379
ACOAD4m,0.0064445209716989735,0.005323010147524012
ACOAD5m,0.002544711614900865,0.0022269581472172044
ACOAD6m,0.0025299439246747966,0.0022316503142701958
ACOAD7m,0.0009708290352512545,0.0008766488347332968
ACOAD8p,0.0,0.0
FAOXC5C3m,0.0006868222684060963,0.000701819947519003
FAOXC7C5m,0.0006868222684060963,0.000701819947519003
FAOXC9C7m,0.0006868222684060963,0.000701819947519003
FAOXC11C9m,0.0006868222684060963,0.000701819947519003
FAOXC13C11m,0.0006868222684060963,0.000701819947519003
FAOXC15C13m,0.0006868222684060963,0.000701819947519003
FAOXC170150m,0.0006868222684060963,0.000701819947519003
FAO183p_even,0.0,0.0
FAO183p_odd,1.2877249847750827e-13,1.3807620206040864e-13
4CMCOAS,0.0,0.0
COUCOALp,0.0008862873577840545,0.0009990253970204382
DESAT1829Z12Zer,0.003912731355832651,1.4553743829524934e-05
CERS118er,1.3305437733041348e-11,5.4051890769183286e-12
CERS2p18er,1.3305437733041348e-11,5.4051890769183286e-12
CERD418er,1.3305437733041348e-11,5.4051890769183286e-12
CERD518er,1.3305437733041348e-11,5.4051890769183286e-12
CERMT618er,1.3305437733041348e-11,5.4051890769183286e-12
CER618trg,2.365411152540664e-11,9.609225025632566e-12
CERGT18g,2.365411152540664e-11,9.609225025632566e-12
CER124trg,8.980308301664166e-13,3.436796873188287e-12
CER126trg,4.023109840192587e-12,2.888041501107528e-12
CER224trg,7.013403460216959e-13,1.7728261576698206e-12
CER226trg,-1.0088300123467117e-12,1.2694696816623728e-12
CER324trg,0.0,0.0
CER326trg,-1.398546723296128e-12,1.7051823906190143e-12
C3STKR1er,0.005880232035390885,0.0003390362365180234
C3STKR2er,0.005880232035390885,0.0003390362365180234
FRDPtcr,0.01176046407078177,0.0006780724730360469
FAS240COAer,0.00016782062912928247,9.13367571663605e-07
FAS260COAer,2.1797896669339916e-12,2.1342239382336745e-12
PLBPEe_RT,0.0,0.0
TAGtrd,0.0026010679250903753,0.002617679763113224
EPISTESTtrd,2.529479162780571e-07,2.829074100157195e-07
ERGSTESTtrd,3.5796856787762924e-05,4.408458433560842e-05
FECOSTESTtrd,2.567577218784503e-05,2.633894838801703e-05
LANOSTESTtrd,0.0,0.0
ZYMSTESTtrd,1.6596536973854902e-06,1.0640517375843096e-06
DAGL_RT,0.002597898003002597,0.002617191004802807
MAGL_RT,0.002597898003002597,0.002617191004802807
PI45BP5Pn_RT,0.0,0.0
GLYCtm,6.94688090076326e-05,1.6740005991663225e-07
PGPPAm_RT,6.94688090076326e-05,1.6740005991663225e-07
PAterm_RT,1.38937618015265e-06,3.3480011983331843e-09
CDPDAGterm_RT,0.0,0.0
PSterm_RT,1.1559809194222763e-05,8.1509788214196e-07
PEterm_RT,-1.1559809194222763e-05,8.1509788214196e-07
PIN3Per_RT,0.0,0.0
PIN4Per_RT,0.0,0.0
PIN3Pn_RT,0.0,0.0
PSERDer_RT,6.50456574624645e-05,3.9885169093587604e-05
PMDPHT,6.719177582349346e-05,1.6191305795271386e-07
SBP,0.006923246498001608,0.004859338333693883
G6PDH2rp,0.0,0.0
PGLp,0.0,0.0
GNDp,0.0,0.0
OAADCm,0.014168976097042613,0.008104145600794761
HACONTam,0.013602978715174286,0.008756930928115372
UREAt,101083.09511921507,160904.95899116094
EX_co2_e,0.7742443229626866,0.19903092149107612
EX_h_e,0.7944150011173687,0.2498445433891374
EX_h2o_e,1.9064882985105112,0.2580033708544634
EX_nh4_e,-0.2867525926611466,0.021393669433979218
EX_o2_e,-1.5190848133962227,0.01878808032169465
EX_pi_e,-0.3913785868496419,0.2729523231324047
EX_so4_e,-0.010490494607198033,0.006267599350096318
EX_glc__D_e,0.0,0.0
H2Oter,-0.0746663112211198,0.024309994729540436
H2Otg,0.0,0.0
H2Otn,0.0,0.0
H2Otv,0.0,0.0
CO2t,-0.7742443229626866,0.19903092149107612
CO2ter,-0.012574823930735068,0.0006735171736240435
CO2tg,0.0,0.0
CO2tm,-1.419110437048592,0.07213491919337092
CO2tn,0.0,0.0
CO2tp,-0.0005265443424682829,0.0009640686704806508
CO2tv,0.0,0.0
O2t,1.5190848133962227,0.01878808032169465
O2ter,0.07091683601589244,0.0033864770412903116
O2tm,1.367611508230627,0.019945599588291972
O2tn,0.0,0.0
O2tp,0.0028598017314882154,0.002245012765192813
ATPM,1.2199999999999998,2.910551590732705e-15
BIOMASS_RT,0.038593782782017944,9.30000332870314e-05
C30CPT1,-0.0008514912495686932,0.0007018059489070102
PCRNtm,-0.000851491249568693,0.0007018059489070103
PCRNtc,0.0,0.0
ACRNtp,0.023732007735553104,0.13193165132308013
DCACOAtr,0.0,0.0
DDCACOAtr,0.0,0.0
HDCOAtr,0.00016322788354793946,9.352813556889478e-05
HEXCCOAtr,6.068402626547632e-12,2.8835881162293853e-12
HMGCOAtr,0.0,0.0
LNLNCGCOAtr,0.00017939493287886957,9.566738022550556e-05
MALCOAtr,0.000587262208627608,3.1407947675088566e-06
OCDYCACOAtr,0.0023477046942057757,0.0013146011373332803
ODECOAtr,0.007899197698664508,0.0044937654530251
PMTCOAtr,0.0047436439744279,0.0021532530669478673
STCOAtr,0.0095393619284352,0.0011260401832723043
TDCOAtr,0.0,0.0
TTCCOAtr,0.00016650240462843922,9.37877027991601e-05
FA183COAabcp,1.2877249847750827e-13,1.3807620206040864e-13
FACOAL180p,4.3401839254188674e-05,6.300360561198858e-05
FACOAL181p,0.0,0.0
FACOAL182p,0.0,0.0
FACOAL1831p,1.2877249847750827e-13,1.3807620206040864e-13
GLYC3Pter,0.00391258566020282,0.0025146161394100234
DHAPter,0.0018708421786101923,0.0012581513888659135
EX_13BDglcn_e,0.0,0.0
EX_35cgmp_e,7.389745134692322e-05,0.00011368312113457369
EX_4abut_e,0.0,0.0
EX_5adtststeroneglc_e,0.0,0.0
EX_5aop_e,0.0,0.0
EX_5flura_e,0.0,0.0
EX_6mpur_e,0.0,0.0
EX_ac_e,0.0007660521965906427,0.0011502434806347542
EX_acgam_e,0.0,0.0
EX_ach_e,0.0,0.0
EX_ade_e,0.0,0.0
EX_adn_e,0.0,0.0
EX_ahandrostanglc_e,0.0,0.0
EX_ala_B_e,0.0,0.0
EX_ala__D_e,0.0,0.0
EX_ala__L_e,0.00041560714606311085,0.0006491461609177905
EX_alltn_e,0.0,0.0
EX_alltt_e,0.0,0.0
EX_amet_e,0.0,0.0
EX_andrstrnglc_e,0.0,0.0
EX_arach_e,0.0,0.0
EX_arg__L_e,0.0,0.0
EX_asn__L_e,0.0005720882600817576,0.0013167189328760027
EX_asp__L_e,7.950599951737837e-05,0.00011074697322491873
EX_bildglcur_e,0.0,0.0
EX_bilglcur_e,0.0,0.0
EX_ca2_e,-3.211002727463896e-05,7.737602769480715e-08
EX_camp_e,2.6064950299910434e-06,4.305951980847002e-06
EX_cgly_e,0.0001764815554061863,0.0001258790612649599
EX_chol_e,0.0,0.0
EX_cholate_e,0.0,0.0
EX_chtn_e,0.0,0.0
EX_cl_e,0.0,0.0
EX_csn_e,0.0,0.0
EX_cu_e,0.0,0.0
EX_cys__L_e,0.00014110752649507558,0.00015440597056009817
EX_cysi__L_e,0.0,0.0
EX_cytd_e,0.0,0.0
EX_dad_2_e,0.0,0.0
EX_dca_e,0.0,0.0
EX_ddca_e,0.0,0.0
EX_dhdascb_e,0.0,0.0
EX_din_e,0.0,0.0
EX_epist_e,0.0,0.0
EX_ergst_e,0.0,0.0
EX_estradiolglc_e,0.0,0.0
EX_estriolglc_e,0.0,0.0
EX_estroneglc_e,0.0,0.0
EX_fe2_e,0.00016533576543816556,3.984121426016128e-07
EX_fe3_e,-0.00023808504598226983,5.737172053476562e-07
EX_fecost_e,0.0,0.0
EX_fmn_e,0.0,0.0
EX_for_e,0.00026423400636555773,0.00037620393371780466
EX_fru_e,0.0003791103400496838,0.0005962557236676252
EX_g3pc_e,0.0,0.0
EX_g3pe_e,0.0,0.0
EX_g3pi_e,0.0,0.0
EX_gal_e,0.0,0.0
EX_galur_e,0.0,0.0
EX_gam_e,0.0,0.0
EX_gchola_e,0.0,0.0
EX_gln__L_e,0.000388367915008575,0.0005779908296532271
EX_glu__L_e,0.0,0.0
EX_gluala_e,0.0004625264187443429,0.0006380645961171491
EX_gly_e,0.0,0.0
EX_glyc_e,0.0005193026321996633,0.0010740379885809544
EX_glygn2_e,0.0,0.0
EX_glygn4_e,0.0,0.0
EX_gthrd_e,0.0,0.0
EX_gua_e,0.0,0.0
EX_hco3_e,0.8800795526992269,0.20323329256579517
EX_hdca_e,0.0,0.0
EX_hdcea_e,0.0,0.0
EX_his__L_e,0.00028430166441424654,0.00020369382223271875
EX_ile__L_e,0.0,0.0
EX_inost_e,0.0,0.0
EX_ins_e,0.0,0.0
EX_k_e,-0.02260449435677639,5.447039849631417e-05
EX_lac__D_e,0.0,0.0
EX_lac__L_e,0.0,0.0
EX_lanost_e,0.0,0.0
EX_leu__L_e,0.0002008174798731839,0.000994898024704821
EX_lys__L_e,0.00026135000928823374,0.0003701523647416447
EX_malt_e,0.0,0.0
EX_man_e,0.0,0.0
EX_met__L_e,0.0,0.0
EX_na1_e,-0.0010072589270546917,2.4272100371513374e-06
EX_nac_e,0.0,0.0
EX_no2_e,0.0,0.0
EX_no3_e,0.0,0.0
EX_nrvnc_e,0.0,0.0
EX_ocdca_e,0.0,0.0
EX_ocdcea_e,0.0,0.0
EX_ocdcya_e,0.0,0.0
EX_oh1_e,0.0,0.0
EX_orn_e,0.0,0.0
EX_oxa_e,0.0,0.0
EX_pail1819Z160_e,0.0,0.0
EX_pc_RT_e,0.0,0.0
EX_pe1801819Z_e,0.0,0.0
EX_pe1801829Z12Z_e,0.0,0.0
EX_pe1819Z1819Z_e,0.0,0.0
EX_pe1819Z1829Z12Z_e,0.0,0.0
EX_pe_RT_e,0.0,0.0
EX_pectin_e,0.0,0.0
EX_pepd_e,0.0,0.0
EX_pg1819Z160_e,0.0,0.0
EX_pgp1819Z160_e,0.0,0.0
EX_phe__L_e,0.0,0.0
EX_pnto__R_e,9.642138971416929e-07,1.4153586802755886e-06
EX_pro__D_e,0.0,0.0
EX_pro__L_e,0.0,0.0
EX_prostge1_e,0.0,0.0
EX_prostge2_e,0.0,0.0
EX_ptd1ino_RT_e,0.0,0.0
EX_ptrc_e,0.0,0.0
EX_pyr_e,0.0,0.0
EX_ribflv_e,0.0,0.0
EX_ser__L_e,0.00021727735997131232,0.00030160627084084666
EX_so3_e,0.006142102806581079,0.006250996578845024
EX_spmd_e,0.0004185424264354007,0.0009140407511976502
EX_sprm_e,0.0,0.0
EX_strch1_e,0.0,0.0
EX_strch2_e,0.0,0.0
EX_sucr_e,0.0,0.0
EX_tchola_e,0.0,0.0
EX_tega_e,0.0,0.0
EX_tgua_e,0.0,0.0
EX_thm_e,0.0,0.0
EX_thmmp_e,0.0,0.0
EX_thmpp_e,0.0,0.0
EX_thr__L_e,0.0005627223733251836,0.0008457232256939927
EX_trp__L_e,0.0,0.0
EX_tststeroneglc_e,0.0,0.0
EX_ttc_e,0.0,0.0
EX_ttdca_e,0.0,0.0
EX_tyr__L_e,0.0,0.0
EX_ura_e,0.0,0.0
EX_urate_e,2.916871237048399e-05,2.3447516243694505e-05
EX_urea_e,0.0031413162244559546,0.007089976339336653
EX_uri_e,0.0,0.0
EX_val__L_e,0.00035964464364702,0.0005105815602390243
EX_xyl__D_e,-0.7139799126766871,0.001605575284555693
EX_zymst_e,0.0053048818128630364,0.00035045183279913493
DOLPter,0.03118149945468621,7.513853989395703e-05
KYNATESYN,0.0,0.0
r0647,0.0,0.0
3SPYRSP,0.0,0.0
3SPYRSPm,0.0,0.0
3SALAOX,0.0,0.0
DM_aacald_c,0.0,0.0
DDPGAm,0.0,0.0
34HPPOR,0.0002265148055461703,0.00013026712146644296
MACACI,0.0002265148055461703,0.00013026712146644296
34HPPYRDC,0.0,0.0
IND3ETHt,0.00012340646277952098,0.00019930131851648162
EX_ind3eth_e,0.00012340646277952098,0.00019930131851648162
AM6SAD,0.0010347423150280505,0.0008888085980047653
AMCOXO,0.0010347423150280505,0.0008888085980047653
QUILSYN,6.495321918225252e-05,1.565221361700257e-07
PYRt2m,0.49058451518428386,0.03685205978260465
LEUt5m,-175670.4599793392,124287.43137823608
VALt5m,-149449.5929300348,217827.04461874077
ILEtmi,-315627.2680705152,216915.36643112605
3MOPtm,-315627.2741929535,216915.36642958902
3MOBtm,149449.57888921635,217827.0445312571
4MOPtm,175670.47484109667,124287.43247990019
2AMACHYD,5.3761139415350604e-05,1.2954904636882845e-07
THRtm,0.007862242475690211,0.004120733491464125
2OBUTtm,0.003879438215228577,0.0011411370640907284
2OBUTt,0.0,0.0
EX_2obut_e,0.0,0.0
NH4tm,-0.00786401689464725,0.004121001823531873
ACALDtm,-0.0793479829467513,0.013503513275654936
HCITSm,0.013602978715174286,0.008756930928115372
AASAD3m,0.0,0.0
Htr,0.026367952648145954,0.024246594510209028
PIter,0.02676504455426377,0.02390868289821284
PPItr,-0.013263852237019869,0.0006756419924639801
COAtr,-0.025787444298298934,0.009368099745613742
NADPHtru,0.08648087277148687,0.004279103022626404
NADPtru,0.08648087277148683,0.004279103022626399
INOSTter,0.00018139077907548416,4.3710015644904504e-07
CDPCHOLter,1.530245976675871e-06,2.0305198086219553e-06
FORtr,-0.005880232035390885,0.0003390362365180234
AMETr,0.0024278849004430773,0.00022044711143895043
AHCYStr,-0.0024278849004430773,0.00022044711143895046
ATPter,0.0019097190215851126,0.0017314685781557545
ADPter,0.0019097190215851126,0.0017314685781557545
AMPter,0.0,0.0
CTPter,0.0214478163998807,0.02369638238097253
CDPter,0.019790532969615703,0.023699972023521167
CMPter,-0.0014747215229562274,7.119334904969507e-05
SERter,0.00144561340468224,7.127482927303083e-05
AKGMALtm,600983.6967926685,100616.41132847335
AKGCITtm,600979.6052205333,100616.07283912048
ASPGLUm,0.0027162121815940067,0.0036933661287732195
UCP2ASPtm,0.0032585372555578077,0.005259171255311153
UCP2MALtm,4.99728040531864,1.1743016981541379
UCP2OAAtm,0.004688025639961503,0.00362926155348588
OAAIPMtm,0.018594909848010772,0.006660061532454934
ORNARGtm,0.0,0.0
ORNLYStm,0.0,0.0
ARGt7m,0.0,0.0
LYSt7m,0.0,0.0
FE2tm,0.0,0.0
CTPtm2,2.6668303902374202e-05,6.426302300133678e-08
UTPtm2,0.0,0.0
GLYtm,-0.04972539071729923,0.005709631665575436
PYDX5Ptm,0.0,0.0
5AOPtm,-0.00021334643121899373,5.141041840106922e-07
PPPG9tm,2.6668303902374216e-05,6.426302300133653e-08
FCLTm,2.6668303902374216e-05,6.426302300133653e-08
NMNHYD,0.002802566208955928,0.0033723589548553144
PSURIK,0.0,0.0
PSURIP,0.0,0.0
NADDP,0.002802566208955928,0.0033723589548553144
DHNPA2r,0.00015059293491964069,3.6288723984146543e-07
HPPK2,0.00015059293491964069,3.6288723984146543e-07
DHFRim,0.0,0.0
FAAH,0.0,0.0
ALDD16er,0.0,0.0
ALDD3C161er,0.0,0.0
4HBALDDm,0.0,0.0
EX_glyclt_e,4.622306406875609e-06,4.55031984613683e-06
GLYCLTt,-4.622306406875609e-06,4.55031984613683e-06
GLYCLTtm,0.17678801352405876,0.11776684641732457
GLYCLTtp,0.00012184402235788675,0.00011138376970808991
EX_glx_e,0.001519269089703,0.0023868667718666813
GLXt,0.001519269089703,0.0023868667718666813
GLXtm,-0.12603480028005676,0.11812544092613464
GLXtp,-0.05271418455795633,0.0062056955609749095
TDP,0.0,0.0
TMN,0.0,0.0
THZPSN4,5.3761139415350604e-05,1.2954904636882845e-07
HMPPS,5.3761139415350604e-05,1.2954904636882845e-07
DM_4oglu_c,5.3761139415350604e-05,1.2954904636882845e-07
THMP,5.3761139415350604e-05,1.2954904636882845e-07
QUINDH,0.0,0.0
DHSKDH,0.003731639244945759,0.002238171466263065
TAL,0.0011656046693996995,0.0010303676655387729
CCOAOMT,0.0,0.0
EX_4abz_e,0.0,0.0
4ABZt,0.0,0.0
4ABZtm,3.036970295262822e-06,1.7751381372901233e-06
ABZNPT_m,3.036970295262822e-06,1.7751381372901233e-06
3NPABH_m,3.036970295262822e-06,1.7751381372901233e-06
3NPAHBDH_m,3.036970295262822e-06,1.7751381372901233e-06
SERTRSm,0.0,0.0
SRC_8aonn_m,9.331976676691964e-05,2.2487408048801372e-07
DM_amob_m,9.331976676691964e-05,2.2487408048801372e-07
DM_dad_5_m,9.331976790702874e-05,2.2487392049310722e-07
METtm,-9.331976790702874e-05,2.2487392049310722e-07
CYStm,9.331976790702874e-05,2.2487392049310722e-07
SRC_lipoate_m,0.00011991088253367568,2.889511834340084e-07
FAS170COA_L,0.0008514912495686932,0.0007018059489070102
HPDCACOAtr,0.00016677382387335392,2.8588909661333856e-06
FAS200COAer,0.00025144163095078037,1.7268253322324514e-06
FAS220COAer,0.00016782062912928253,9.133675716636074e-07
FAOXC24C22x,2.5986591647649655e-07,2.396778470731827e-07
FAOXC22C20x,2.5986591647649655e-07,2.396778470731827e-07
FA200tp,9.91115050910156e-07,1.4256941274251546e-06
FACOAL200p,9.91115050910156e-07,1.4256941274251546e-06
FA220tp,0.0,0.0
FACOAL220p,0.0,0.0
SK_triglyc_RT_d,4.7466503083235236e-08,8.124706832805955e-08
HDCAt,0.0,0.0
HDCEAt,0.0,0.0
OCDCAt,0.0,0.0
OCDCEAt,0.0,0.0
OCDCYAt,0.0,0.0
LNLNCGt,0.0,0.0
HPDCAt,0.0,0.0
ARACHt,0.0,0.0
DOCOSACt,0.0,0.0
TTCt,0.0,0.0
EPISTtr,0.0,0.0
ERGSTtr,0.0035549111395182832,0.004406512241822344
FECOSTtr,0.002567577218784508,0.002633894838801699
LANOSTtr,0.0,0.0
ZYMSTtr,-0.0052497138542677724,0.00036284780978413755
SK_epistest_RT_d,2.529479162780571e-07,2.829074100157195e-07
SK_ergstest_RT_d,3.6648075395314327e-07,2.556922380033473e-07
SK_fecostest_RT_d,0.0,0.0
SK_lanostest_RT_d,0.0,0.0
SK_zymstest_RT_d,4.2303835164816497e-07,6.337054649454539e-07
SRC_trnaala_c,0.02229076549654132,5.3714401225720536e-05
SRC_trnacys_c,0.0013225703421569795,3.187018140713219e-06
SRC_trnaasp_c,0.007614398967761003,1.8348534567397693e-05
SRC_trnaglu_c,0.00805348043447208,1.940659594610287e-05
SRC_trnaphe_c,0.0036727387446679723,8.85025516772672e-06
SRC_trnagly_c,0.01980710119938725,4.77294770835675e-05
SRC_trnahis_c,0.0023606659114277,5.688533036067579e-06
SRC_trnaile_c,0.006119777544056502,1.4746922157756478e-05
SRC_trnalys_c,0.006651020961956275,1.602706773648751e-05
SRC_trnaleu_c,0.012357922215715956,2.9779075658673016e-05
SRC_trnamet_c,0.0022017753077141237,5.305651899024547e-06
SRC_trnaasn_c,0.004166970726974455,1.004121359400047e-05
SRC_trnapro_c,0.009104157576929728,2.193842885231126e-05
SRC_trnagln_c,0.004550129802434367,1.0964517924474194e-05
SRC_trnaarg_c,0.005660743089552492,1.364077988237611e-05
SRC_trnaser_c,0.013001087605778379,3.132892121339928e-05
SRC_trnathr_c,0.008418461838241551,2.028609726090063e-05
SRC_trnaval_c,0.010619774020562252,2.5590633159524014e-05
SRC_trnatrp_c,0.0008999684206938779,2.168667776220236e-06
SRC_trnatyr_c,0.002406824075634969,5.799761075878728e-06
EX_mg2_e,-0.0023818538981750076,5.739590054342118e-06
MG2t,0.0023818538981750076,5.739590054342118e-06
EX_mn2_e,-2.3426426148684905e-05,5.645102020522606e-08
MNt,2.3426426148684905e-05,5.645102020522606e-08
CU2t,2.026173596055947e-05,4.882501747569089e-08
EX_cu2_e,-2.026173596055947e-05,4.882501747569089e-08
Zn2t,1.968282921882931e-05,4.743001697638697e-08
EX_zn2_e,-1.968282921882931e-05,4.743001697638697e-08
Kt2r,0.03292339215507417,0.014023071911524583
CA2t,3.211002727463896e-05,7.737602769480715e-08
PACCOAL,0.0,0.0
PACCOALp,0.0,0.0
3HPDm,0.010093397831878334,0.005263125505731956
COUCOAHp,0.0008862873577840545,0.0009990253970204382
4HBZACCOARp,0.0008862873577840545,0.0009990253970204382
4HBZACCOATp,0.0008862873577840551,0.0009990253970204382
4HBZCOAEp,0.0008862873577840551,0.0009990253970204382
4HBZtp,-0.0002615018905349365,0.000240132757920903
4HBZtm,2.5533437580945336e-05,1.7840945076205423e-06
T4HCINNMtp,0.0008862873577840556,0.0009990253970204382
EX_T4hcinnm_e,0.0001638339220851759,0.00023695308589730924
T4HCINNMt,-0.0001638339220851759,0.00023695308589730924
34DHBZtp,-0.0005265443422829139,0.0009640686704498498
PCADYOX,0.004476241667300599,0.0024015932898075547
4CMLCL_kt,0.004476241667300599,0.0024015932898075547
3OADPCOATm,0.004476241667300599,0.0024015932898075547
3OXCOATm,0.004476241667300599,0.0024015932898075547
3OXOADPTm,0.004476241667300599,0.0024015932898075547
PPItx,-0.03855014647703828,0.06624068961346531
Htx,-0.11154469664766233,0.13532363725468022
COAtp,0.0,0.0
CRNtp,0.023732007735553076,0.13193165132308013
AKGtp,-0.0005265443424682829,0.0009640686704806508
MAL_Ltx,0.02265655040544271,0.010657693093361679
OAAtp,-0.004985689683395316,0.004185062394635104
EX_fer_e,0.0,0.0
FERt,0.0,0.0
FERULCOAS,0.0,0.0
CAFFCOAE,0.0,0.0
34DHCINMtp,0.0,0.0
CAFFCOALp,0.0,0.0
CAFFCOAHp,0.0,0.0
34DHBZACCOARp,0.0,0.0
34DHBZACCOATp,0.0,0.0
34DHBZCOAEp,0.0,0.0
EX_bz_e,0.0,0.0
BZt,0.0,0.0
BZ4OX,0.0,0.0
RBK_Dr,0.3402023456231986,0.08182455242708478
EX_arab__L_e,0.0,0.0
ARAB_Lt,0.0,0.0
XYLR,0.7139799126766881,0.001605575284555535
ABTD,0.0,0.0
XYLUR,0.0,0.0
ARAB1D,0.0,0.0
DABT4D,-0.3387166754147384,0.08185867255916703
EX_lyx__L_e,0.0,0.0
LYXt,0.0,0.0
LYXR,0.0,0.0
EX_abt_e,0.0,0.0
ABTt,0.0,0.0
EX_xylt_e,0.0004938755095229672,0.0005919878509904585
XYLTt,-0.0004938755095229672,0.0005919878509904585
EX_xylu__D_e,0.0,0.0
XYLUDte,0.0,0.0
EX_abt__D_e,0.0,0.0
ABT_Dt,0.0,0.0
EX_rbl__D_e,0.0,0.0
RBL_Dt,0.0,0.0
FPK,0.016319285311865078,0.022934025419334224
XPK,0.19946304014261565,0.02600067823309498
GGDPter,0.0,0.0
PSYer,0.0,0.0
PDSer,0.0,0.0
LYCOPCer,0.0,0.0
GCAROCer,0.0,0.0
BCAROtrd,0.0,0.0
DM_bcaro_d,0.0,0.0
DM_3aap_c,0.029827429760637594,0.0015149545415238904
DIAT,0.02775117753369971,0.0022769920610077256
EX_succ_e,0.0,0.0
EX_tre_e,0.0,0.0
TREHe,0.0,0.0
TREt2,0.0,0.0
EX_galt_e,0.0,0.0
GALTt,0.0,0.0
EX_ser__D_e,0.0,0.0
SER_Dt,0.0,0.0
EX_sbt__D_e,0.0,0.0
SBT_Dt,0.0,0.0
EX_glcn_e,0.0,0.0
GLCNte,0.0,0.0
EX_glyc3p_e,0.0,0.0
EX_g6p_e,0.0,0.0
EX_h2o2_e,0.006011660652949193,0.006123081993183519
H2O2t,-0.006011660652949193,0.006123081993183519
GXLOe,0.0,0.0
MTHGXLe,0.0,0.0
EX_rib__D_e,0.0,0.0
RIBt,0.0,0.0
EX_thymd_e,0.0,0.0
THYMDt1,0.0,0.0
EX_asp__D_e,0.0,0.0
ASPDTDe,0.0,0.0
EX_12ppd__S_e,0.0,0.0
12PPDSt,0.0,0.0
EX_12ppd__R_e,0.0,0.0
12PPDRte,0.0,0.0
EX_akg_e,0.0,0.0
EX_g1p_e,0.0,0.0
EX_f6p_e,0.0,0.0
EX_malttr_e,0.0,0.0
MLTG1e,0.0,0.0
MALTe,0.0014484384854327834,0.0026400585367534037
EX_melib_e,0.0,0.0
MELIBt2,0.0,0.0
GALS3,0.0,0.0
MLTG4,0.0,0.0
MLTG3,0.014147692795932552,0.014376588275999016
MLTG2,0.0014484384854327834,0.0026400585367534037
EX_cit_e,0.0,0.0
EX_fum_e,0.0,0.0
EX_ppa_e,0.0,0.0
PPAtr,0.0,0.0
EX_cellb_e,0.0,0.0
BG_CELLB,0.0,0.0
EX_acac_e,5.419656041379084e-05,9.684874055244012e-05
ACACt2,-5.419656041379084e-05,9.684874055244012e-05
ACACt2m,-0.01787897434540213,0.06589401267269494
ACACtx,0.018065040523867502,0.06588336247221281
EX_mal__L_e,0.0,0.0
EX_tym_e,0.0,0.0
TYMte,0.0,0.0
EX_peamn_e,0.0,0.0
EX_etha_e,0.0,0.0
ETHAt,0.0,0.0
EX_glycogen_e,0.0,0.0
EX_mannan_e,0.0,0.0
EX_arab__D_e,0.0,0.0
ARAB_Dt,0.0,0.0
DARABR,0.0,0.0
EX_drib_e,0.0,0.0
DRIBt,0.0,0.0
EX_srb__L_e,0.0,0.0
SRB_Lt,0.0,0.0
EX_but_e,0.0,0.0
BUTt,0.0,0.0
EX_hxa_e,0.0,0.0
HXAt3,0.0,0.0
FACOAL40,0.0,0.0
FACOAL60,0.0,0.0
C40CPT1,0.0,0.0
C60CPT1,0.0,0.0
C40CRNt,0.0,0.0
C60CRNt,0.0,0.0
C40CPT2,0.0,0.0
C60CPT2,0.0,0.0
EX_4hbz_e,0.0002353900947996373,0.0002404049031648183
4HBZte,0.0002353900947996373,0.0002404049031648183
EX_bhb_e,0.0,0.0
BHBt,0.0,0.0
BHBtm,0.0,0.0
EX_ghb_e,0.0004500278846111842,0.0005870893616302464
GHBt,-0.0004500278846111842,0.0005870893616302464
GHBtm,-0.0004500278846111842,0.0005870893616302464
4ABUTtm,0.0004500278846111842,0.0005870893616302464
EX_5dglcn_e,0.0,0.0
5DGLCNt,0.0,0.0
EX_quin_e,0.0,0.0
QUINt,0.0,0.0
EX_ad_e,0.0,0.0
ADtr,0.0,0.0
EX_acglu_e,0.00020668380297002965,0.00022826628343618246
ACGLUtd,0.00020668380297002965,0.00022826628343618246
EX_hom__L_e,0.000283679888350118,0.0004904144716846321
HOMt,-0.000283679888350118,0.0004904144716846321
EX_dha_e,0.0,0.0
DHAt,0.0,0.0
EX_btd_RR_e,0.00013904313363039976,0.00019113207204393595
BTDt_RR,0.00013904313363039976,0.00019113207204393595
EX_citr__L_e,0.0005294966996705879,0.00042178981051918513
CITRte,0.0005294966996705879,0.00042178981051918513
EX_mma_e,0.0,0.0
MMAt2e,0.0,0.0
EX_agm_e,0.0,0.0
AGRMte,0.0,0.0
AGMt_m,0.0,0.0
EX_hista_e,8.009245420048245e-05,0.00010030285230339046
HISTAtu,-8.009245420048245e-05,0.00010030285230339046
EX_frmd_e,0.0,0.0
FRMDt,0.0,0.0
EX_gsn_e,0.0,0.0
GSNt,0.0,0.0
EX_thym_e,0.0,0.0
THYMt,0.0,0.0
EX_xan_e,0.0,0.0
XANt,0.0,0.0
EX_xtsn_e,0.0,0.0
XTSNtr,0.0,0.0
EX_ppi_e,0.1870650210293647,0.1356323023116593
PPIt2r,-0.1870650210293647,0.1356323023116593
EX_pppi_e,0.0,0.0
PPPIt2r,0.0,0.0
EX_amp_e,0.0,0.0
EX_cmp_e,0.0,0.0
EX_gmp_e,0.0,0.0
EX_ump_e,0.0,0.0
NTD2e,0.0,0.0
NTD4e,0.0,0.0
NTD7e,0.0,0.0
NTD9e,0.0,0.0
EX_glyc2p_e,0.0,0.0
G2PPe,0.0,0.0
EX_cbp_e,0.005181338310476055,0.015397183185185927
CBPt,-0.005181338310476055,0.015397183185185927
EX_2pg_e,0.0,0.0
EX_glyc__R_e,0.0,0.0
2PGPe,0.0,0.0
GLYC_Rt,0.0,0.0
EX_3pg_e,0.0,0.0
3PGPe,0.0,0.0
EX_pep_e,0.0,0.0
PEPPe,0.0,0.0
EX_2doxg6p_e,0.0,0.0
EX_gam6p_e,0.0,0.0
GAM6PPe,0.0,0.0
EX_6pgc_e,0.0,0.0
GNPe,0.0,0.0
EX_35ccmp_e,0.0,0.0
CCMPt2,0.0,0.0
CAMPt2,-2.6064950299910434e-06,4.305951980847002e-06
CGMPt2,-7.389745134692322e-05,0.00011368312113457369
EX_man1p_e,0.0,0.0
MAN1PPe,0.0,0.0
EX_man6p_e,0.0,0.0
MAN6PPe,0.0,0.0
EX_pser__L_e,0.00016477048782954565,0.0002780671633841215
PSERtr,0.00016477048782954565,0.0002780671633841215
EX_cholp_e,4.7332504906243646e-05,7.137829875222044e-05
CHOLPtr,-4.7332504906243646e-05,7.137829875222044e-05
EX_ethamp_e,0.0,0.0
ETHAMPtr,0.0,0.0
EX_dtmp_e,0.0,0.0
NTD5e,0.0,0.0
EX_minohp_e,0.0,0.0
MINOHPtn,0.0,0.0
PHYTSe,0.0,0.0
MINPP1er,0.0,0.0
MINPP2er,0.0,0.0
MINPP3er,0.0,0.0
MINPP4er,0.0,0.0
EX_tsul_e,2.911378951586541e-05,3.731787774649905e-05
TSULt4_3,-2.911378951586541e-05,3.731787774649905e-05
EX_Lcyst_e,0.0,0.0
LCYSTt,0.0,0.0
EX_3sala_e,0.0,0.0
3SALAt,0.0,0.0
EX_cyst__L_e,0.0,0.0
CYST_Ltr,0.0,0.0
EX_metsox_S__L_e,0.0,0.0
EX_metsox_R__L_e,0.0,0.0
METSOX1t,0.0,0.0
METSOX2t,0.0,0.0
EX_taur_e,0.0,0.0
TAURt,0.0,0.0
EX_hyptaur_e,0.0,0.0
BG_MBDG,0.0,0.0
EX_mbdg_e,0.0,0.0
MEOHt2,0.0,0.0
EX_meoh_e,0.0,0.0
RBTt,0.0,0.0
EX_rbt_e,0.0,0.0
RBTDG,0.0,0.0
EX_arbt_e,0.0,0.0
EX_hqn_e,0.0,0.0
ARBTHe,0.0,0.0
EX_salcn_e,0.0,0.0
EX_2hxmp_e,0.0,0.0
SALCNHe,0.0,0.0
EX_btn_e,0.0,0.0
BTNt2i,0.0,0.0
EX_fol_e,0.0,0.0
FOLt,0.0,0.0
NADtm,2.7102769819336213e-12,3.223749600477907e-11
EX_pydxn_e,0.0,0.0
PYDXNtr,0.0,0.0
RIBFLVt2,0.0,0.0
T_eg,0.0,0.0
EX_eg_e,0.0,0.0
EG_ox_nad,0.0,0.0
EG_ox_nadp,0.0,0.0
